,Unnamed: 0,lat,lon,timestamp
909677,909677,39.723636,-105.2389627,2022-03-09 00:16:38.646000+00:00
909678,909678,39.723636,-105.2389627,2022-03-09 00:52:39.544000+00:00
909679,909679,39.7236301,-105.2389794,2022-03-09 01:11:38.079000+00:00
909680,909680,39.723639,-105.2389794,2022-03-09 01:11:56.416000+00:00
909681,909681,39.723639,-105.2389794,2022-03-09 01:47:57.004000+00:00
909682,909682,39.723639,-105.2389794,2022-03-09 02:26:31.466000+00:00
909683,909683,39.723639,-105.2389794,2022-03-09 03:02:43.510000+00:00
909684,909684,39.7236405,-105.2389695,2022-03-09 03:09:34.299000+00:00
909685,909685,39.7236304,-105.2389792,2022-03-09 03:11:53.878000+00:00
909686,909686,39.7236304,-105.2389792,2022-03-09 03:16:49.414000+00:00
909687,909687,39.7236243,-105.2389721,2022-03-09 03:16:50.971000+00:00
909688,909688,39.7236506,-105.2389716,2022-03-09 03:17:41.961000+00:00
909689,909689,39.7236506,-105.2389716,2022-03-09 03:19:43.174000+00:00
909690,909690,39.7236506,-105.2389716,2022-03-09 03:21:43.216000+00:00
909691,909691,39.7236506,-105.2389716,2022-03-09 03:23:43.262000+00:00
909692,909692,39.7236506,-105.2389716,2022-03-09 03:25:43.297000+00:00
909693,909693,39.7236506,-105.2389716,2022-03-09 03:27:43.336000+00:00
909694,909694,39.7236506,-105.2389716,2022-03-09 03:29:43.380000+00:00
909695,909695,39.7236506,-105.2389716,2022-03-09 03:31:47.794000+00:00
909696,909696,39.7236577,-105.238982,2022-03-09 03:33:35.879000+00:00
909697,909697,39.723637,-105.2389625,2022-03-09 03:36:50.437000+00:00
909698,909698,39.723637,-105.2389625,2022-03-09 03:40:14.470000+00:00
909699,909699,39.723637,-105.2389625,2022-03-09 03:42:23.558000+00:00
909700,909700,39.723637,-105.2389625,2022-03-09 03:44:38.346000+00:00
909701,909701,39.723637,-105.2389625,2022-03-09 03:47:02.239000+00:00
909702,909702,39.723637,-105.2389625,2022-03-09 03:49:39.415000+00:00
909703,909703,39.723637,-105.2389625,2022-03-09 03:53:16.409000+00:00
909704,909704,39.723637,-105.2389625,2022-03-09 04:12:47.400000+00:00
909705,909705,39.7236467,-105.2389784,2022-03-09 04:24:38.720000+00:00
909706,909706,39.7236467,-105.2389784,2022-03-09 04:24:39.710000+00:00
909707,909707,39.7236467,-105.2389784,2022-03-09 04:24:39.751000+00:00
909708,909708,39.7235723,-105.2389723,2022-03-09 04:26:52.782000+00:00
909709,909709,39.723665,-105.2389523,2022-03-09 04:27:45.289000+00:00
909710,909710,39.723665,-105.2389523,2022-03-09 04:30:18.387000+00:00
909711,909711,39.723665,-105.2389523,2022-03-09 04:32:52.232000+00:00
909712,909712,39.723665,-105.2389523,2022-03-09 04:36:37.384000+00:00
909713,909713,39.723665,-105.2389523,2022-03-09 04:38:52.271000+00:00
909714,909714,39.723665,-105.2389523,2022-03-09 04:40:28.764000+00:00
909715,909715,39.723665,-105.2389523,2022-03-09 04:43:51.341000+00:00
909716,909716,39.723665,-105.2389523,2022-03-09 04:45:51.380000+00:00
909717,909717,39.723665,-105.2389523,2022-03-09 04:47:51.480000+00:00
909718,909718,39.723665,-105.2389523,2022-03-09 04:49:05.793000+00:00
909719,909719,39.7236397,-105.2389713,2022-03-09 04:53:39.278000+00:00
909720,909720,39.7236397,-105.2389713,2022-03-09 04:56:18.315000+00:00
909721,909721,39.7236397,-105.2389713,2022-03-09 05:00:00.025000+00:00
909722,909722,39.7236397,-105.2389713,2022-03-09 05:02:39.568000+00:00
909723,909723,39.7236517,-105.2389627,2022-03-09 05:12:35.195000+00:00
909724,909724,39.7236614,-105.2389699,2022-03-09 05:21:20.210000+00:00
909725,909725,39.7236614,-105.2389699,2022-03-09 05:37:52.264000+00:00
909726,909726,39.7236614,-105.2389699,2022-03-09 05:55:52.623000+00:00
909727,909727,39.7236614,-105.2389699,2022-03-09 06:13:53.087000+00:00
909728,909728,39.7236614,-105.2389699,2022-03-09 06:31:53.506000+00:00
909729,909729,39.7236614,-105.2389699,2022-03-09 06:49:53.980000+00:00
909730,909730,39.7236614,-105.2389699,2022-03-09 07:05:14.652000+00:00
909731,909731,39.7236614,-105.2389699,2022-03-09 07:20:46.498000+00:00
909732,909732,39.7236614,-105.2389699,2022-03-09 07:35:46.525000+00:00
909733,909733,39.7236614,-105.2389699,2022-03-09 07:51:12.279000+00:00
909734,909734,39.7236614,-105.2389699,2022-03-09 08:00:01.379000+00:00
909735,909735,39.7236614,-105.2389699,2022-03-09 08:02:03.132000+00:00
909736,909736,39.7236614,-105.2389699,2022-03-09 08:05:40.275000+00:00
909737,909737,39.7236614,-105.2389699,2022-03-09 08:07:40.312000+00:00
909738,909738,39.7236614,-105.2389699,2022-03-09 08:09:40.339000+00:00
909739,909739,39.7236614,-105.2389699,2022-03-09 08:11:40.361000+00:00
909740,909740,39.7236514,-105.2389718,2022-03-09 08:11:55.939000+00:00
909741,909741,39.7236514,-105.2389718,2022-03-09 08:16:30.295000+00:00
909742,909742,39.7236514,-105.2389718,2022-03-09 08:19:38.302000+00:00
909743,909743,39.7236514,-105.2389718,2022-03-09 08:23:44.285000+00:00
909744,909744,39.7236514,-105.2389718,2022-03-09 08:56:22.264000+00:00
909745,909745,39.7236514,-105.2389718,2022-03-09 09:13:56.274000+00:00
909746,909746,39.7236502,-105.2389723,2022-03-09 10:14:08.808000+00:00
909747,909747,39.7236502,-105.2389723,2022-03-09 10:14:09.116000+00:00
909748,909748,39.7236386,-105.2389628,2022-03-09 10:30:24.697000+00:00
909749,909749,39.7236386,-105.2389628,2022-03-09 10:30:26.183000+00:00
909750,909750,39.7238609,-105.2389161,2022-03-09 10:31:18.242000+00:00
909751,909751,39.7238609,-105.2389161,2022-03-09 10:33:42.430000+00:00
909752,909752,39.7238609,-105.2389161,2022-03-09 10:35:42.447000+00:00
909753,909753,39.7238609,-105.2389161,2022-03-09 10:37:42.471000+00:00
909754,909754,39.7238609,-105.2389161,2022-03-09 10:40:54.555000+00:00
909755,909755,39.7238609,-105.2389161,2022-03-09 10:43:59.180000+00:00
909756,909756,39.7238609,-105.2389161,2022-03-09 10:46:58.183000+00:00
909757,909757,39.7238609,-105.2389161,2022-03-09 10:48:30.229000+00:00
909758,909758,39.723636,-105.2389638,2022-03-09 11:15:44.580000+00:00
909759,909759,39.7238609,-105.2389161,2022-03-09 11:15:44.615000+00:00
909760,909760,39.7236398,-105.2389697,2022-03-09 11:16:37.361000+00:00
909761,909761,39.7236398,-105.2389697,2022-03-09 11:19:10.367000+00:00
909762,909762,39.7236398,-105.2389697,2022-03-09 11:21:45.132000+00:00
909763,909763,39.7236398,-105.2389697,2022-03-09 11:24:17.158000+00:00
909764,909764,39.7236398,-105.2389697,2022-03-09 11:27:31.235000+00:00
909765,909765,39.7236398,-105.2389697,2022-03-09 11:30:41.853000+00:00
909766,909766,39.7236398,-105.2389697,2022-03-09 11:32:44.165000+00:00
909767,909767,39.7236398,-105.2389697,2022-03-09 11:35:07.238000+00:00
909768,909768,39.7236398,-105.2389697,2022-03-09 11:36:06.837000+00:00
909769,909769,39.7236398,-105.2389697,2022-03-09 11:44:06.654000+00:00
909770,909770,39.7236398,-105.2389697,2022-03-09 11:47:34.153000+00:00
909771,909771,39.7236398,-105.2389697,2022-03-09 11:50:08.149000+00:00
909772,909772,39.7210349,-105.2391959,2022-03-09 11:51:03.186000+00:00
909773,909773,39.7217722,-105.2454716,2022-03-09 11:52:03.642000+00:00
909774,909774,39.7171377,-105.2513897,2022-03-09 11:53:03.725000+00:00
909775,909775,39.7090652,-105.2523233,2022-03-09 11:55:04.179000+00:00
909776,909776,39.700891,-105.2507988,2022-03-09 11:56:03.652000+00:00
909777,909777,39.7023939,-105.2057919,2022-03-09 11:59:03.818000+00:00
909778,909778,39.7270422,-105.1751409,2022-03-09 12:01:04.206000+00:00
909779,909779,39.739592,-105.1617848,2022-03-09 12:02:03.803000+00:00
909780,909780,39.7670843,-105.142443,2022-03-09 12:04:04.224000+00:00
909781,909781,39.7840752,-105.1358507,2022-03-09 12:05:03.769000+00:00
909782,909782,39.7845014,-105.0852612,2022-03-09 12:07:21.803000+00:00
909783,909783,39.7847353,-105.0635911,2022-03-09 12:08:21.830000+00:00
909784,909784,39.784399,-105.0437542,2022-03-09 12:09:21.863000+00:00
909785,909785,39.7830457,-105.0023266,2022-03-09 12:11:22.090000+00:00
909786,909786,39.7793046,-104.9836029,2022-03-09 12:12:21.943000+00:00
909787,909787,39.7742797,-104.8619774,2022-03-09 12:18:22.111000+00:00
909788,909788,39.770895,-104.8180762,2022-03-09 12:20:22.221000+00:00
909789,909789,39.770895,-104.8180762,2022-03-09 12:31:46.740000+00:00
909790,909790,39.770895,-104.8180762,2022-03-09 12:32:08.209000+00:00
909791,909791,39.853366,-104.6705651,2022-03-09 12:32:27.413000+00:00
909792,909792,39.8487397,-104.6730907,2022-03-09 12:33:11.974000+00:00
909793,909793,39.8484184,-104.6730366,2022-03-09 12:34:12.029000+00:00
909794,909794,39.8484669,-104.6731208,2022-03-09 12:34:51.060000+00:00
909795,909795,39.8483551,-104.6731551,2022-03-09 12:35:28.185000+00:00
909796,909796,39.8483481,-104.6731407,2022-03-09 12:35:59.996000+00:00
909797,909797,39.8483341,-104.6731637,2022-03-09 12:36:33.544000+00:00
909798,909798,39.8483907,-104.6731431,2022-03-09 12:37:11.914000+00:00
909799,909799,39.848366,-104.6731995,2022-03-09 12:38:06.457000+00:00
909800,909800,39.8483547,-104.6731966,2022-03-09 12:38:44.013000+00:00
909801,909801,39.8483569,-104.6731926,2022-03-09 12:39:15.835000+00:00
909802,909802,39.8480156,-104.6736317,2022-03-09 12:39:50.791000+00:00
909803,909803,39.8481913,-104.6739234,2022-03-09 12:40:27.852000+00:00
909804,909804,39.8482064,-104.6738731,2022-03-09 12:41:51.860000+00:00
909805,909805,39.8484562,-104.6735405,2022-03-09 12:42:28.388000+00:00
909806,909806,39.8483083,-104.6737412,2022-03-09 12:43:01.810000+00:00
909807,909807,39.8483093,-104.6737328,2022-03-09 12:43:31.900000+00:00
909808,909808,39.8482494,-104.6737361,2022-03-09 12:44:35.348000+00:00
909809,909809,39.8485026,-104.6739387,2022-03-09 12:45:35.393000+00:00
909810,909810,39.8484235,-104.673838,2022-03-09 12:47:35.888000+00:00
909811,909811,39.8483944,-104.6737816,2022-03-09 12:48:35.411000+00:00
909812,909812,39.848578,-104.6737503,2022-03-09 12:51:02.873000+00:00
909813,909813,39.8486004,-104.6738273,2022-03-09 12:51:34.460000+00:00
909814,909814,39.8485881,-104.6737696,2022-03-09 12:54:02.910000+00:00
909815,909815,39.8485312,-104.6737455,2022-03-09 12:55:28.214000+00:00
909816,909816,39.8485949,-104.6738746,2022-03-09 12:56:28.202000+00:00
909817,909817,39.8487173,-104.6738503,2022-03-09 12:57:36.703000+00:00
909818,909818,39.8491598,-104.6738492,2022-03-09 12:58:10.124000+00:00
909819,909819,39.8490945,-104.67385,2022-03-09 12:58:45.254000+00:00
909820,909820,39.8490924,-104.6738521,2022-03-09 12:59:17.586000+00:00
909821,909821,39.8490827,-104.6738661,2022-03-09 13:00:23.848000+00:00
909822,909822,39.8538052,-104.6739882,2022-03-09 13:01:23.711000+00:00
909823,909823,39.8539657,-104.673809,2022-03-09 13:04:23.735000+00:00
909824,909824,39.8630586,-104.6737524,2022-03-09 13:05:18.908000+00:00
909825,909825,39.8629753,-104.6738403,2022-03-09 13:05:50.874000+00:00
909826,909826,39.8628589,-104.6738702,2022-03-09 13:06:22.795000+00:00
909827,909827,39.8629663,-104.6740207,2022-03-09 13:06:58.651000+00:00
909828,909828,39.863036,-104.6747535,2022-03-09 13:07:30.704000+00:00
909829,909829,39.8630514,-104.6745241,2022-03-09 13:08:06.733000+00:00
909830,909830,39.8629387,-104.6746607,2022-03-09 13:09:26.381000+00:00
909831,909831,39.8630583,-104.6745212,2022-03-09 13:10:02.640000+00:00
909832,909832,39.8630155,-104.6745495,2022-03-09 13:11:34.718000+00:00
909833,909833,39.8612195,-104.6746338,2022-03-09 13:13:21.093000+00:00
909834,909834,39.8630015,-104.6745891,2022-03-09 13:14:43.470000+00:00
909835,909835,39.8630569,-104.6741552,2022-03-09 13:15:11.156000+00:00
909836,909836,39.8631668,-104.6744253,2022-03-09 13:22:16.263000+00:00
909837,909837,39.8630266,-104.6746817,2022-03-09 13:29:04.247000+00:00
909838,909838,39.8636571,-104.6728117,2022-03-09 13:35:51.037000+00:00
909839,909839,39.8636571,-104.6728117,2022-03-09 13:41:57.901000+00:00
909840,909840,39.8639249,-104.6731761,2022-03-09 13:46:59.414000+00:00
909841,909841,39.863549,-104.6746536,2022-03-09 13:48:14.317000+00:00
909842,909842,39.863549,-104.6746536,2022-03-09 13:54:06.061000+00:00
909843,909843,39.863549,-104.6746536,2022-03-09 13:59:06.090000+00:00
909844,909844,47.4435215,-122.3212203,2022-03-09 17:03:47.124000+00:00
909845,909845,47.447839,-122.2977659,2022-03-09 17:12:05.445000+00:00
909846,909846,47.4465674,-122.2997688,2022-03-09 17:12:27.340000+00:00
909847,909847,47.4480654,-122.3016708,2022-03-09 17:15:35.937000+00:00
909848,909848,47.4480702,-122.3019865,2022-03-09 17:15:53.766000+00:00
909849,909849,47.4484224,-122.3028107,2022-03-09 17:24:41.946000+00:00
909850,909850,47.4483878,-122.3028258,2022-03-09 17:25:49.085000+00:00
909851,909851,47.4483833,-122.3028265,2022-03-09 17:26:21.850000+00:00
909852,909852,47.4484923,-122.302702,2022-03-09 17:27:13.775000+00:00
909853,909853,47.4460723,-122.3038038,2022-03-09 17:27:58.078000+00:00
909854,909854,47.4460142,-122.3039438,2022-03-09 17:28:30.335000+00:00
909855,909855,47.4458072,-122.3039233,2022-03-09 17:29:06.555000+00:00
909856,909856,47.4457943,-122.3039039,2022-03-09 17:29:38.553000+00:00
909857,909857,47.4458503,-122.3039106,2022-03-09 17:31:14.015000+00:00
909858,909858,47.4458033,-122.3038736,2022-03-09 17:32:45.738000+00:00
909859,909859,47.4458228,-122.3038903,2022-03-09 17:33:45.725000+00:00
909860,909860,47.44578,-122.3038901,2022-03-09 17:34:45.736000+00:00
909861,909861,47.4458133,-122.303917,2022-03-09 17:36:46.239000+00:00
909862,909862,47.4457609,-122.3039006,2022-03-09 17:37:45.852000+00:00
909863,909863,47.4457964,-122.303935,2022-03-09 17:39:46.387000+00:00
909864,909864,47.445796,-122.3039158,2022-03-09 17:41:13.594000+00:00
909865,909865,47.4457074,-122.3039349,2022-03-09 17:42:15.391000+00:00
909866,909866,47.4457805,-122.3038886,2022-03-09 17:44:16.290000+00:00
909867,909867,47.4476402,-122.3021279,2022-03-09 17:45:15.866000+00:00
909868,909868,47.4476377,-122.3021277,2022-03-09 17:47:14.169000+00:00
909869,909869,47.4461165,-122.3039383,2022-03-09 17:47:46.123000+00:00
909870,909870,47.4459408,-122.3042189,2022-03-09 17:48:16.315000+00:00
909871,909871,47.446038,-122.3043265,2022-03-09 17:48:52.128000+00:00
909872,909872,47.4459321,-122.3041476,2022-03-09 17:49:26.158000+00:00
909873,909873,47.4459413,-122.3042719,2022-03-09 17:50:28.512000+00:00
909874,909874,47.4458519,-122.3038991,2022-03-09 17:51:03.422000+00:00
909875,909875,47.4455398,-122.3039178,2022-03-09 17:51:36.825000+00:00
909876,909876,47.4451866,-122.3041178,2022-03-09 17:52:08.765000+00:00
909877,909877,47.4445747,-122.3035931,2022-03-09 17:52:44.713000+00:00
909878,909878,47.4444516,-122.3033025,2022-03-09 17:53:16.811000+00:00
909879,909879,47.4442325,-122.3029984,2022-03-09 17:53:52.860000+00:00
909880,909880,47.4438091,-122.302957,2022-03-09 17:54:24.875000+00:00
909881,909881,47.4437421,-122.3029894,2022-03-09 17:55:00.617000+00:00
909882,909882,47.4437686,-122.3029862,2022-03-09 17:56:24.552000+00:00
909883,909883,47.4437948,-122.3029776,2022-03-09 17:57:00.665000+00:00
909884,909884,47.4436108,-122.3029816,2022-03-09 17:57:36.711000+00:00
909885,909885,47.4436868,-122.3030368,2022-03-09 17:58:11.493000+00:00
909886,909886,47.4437488,-122.3029958,2022-03-09 17:59:25.882000+00:00
909887,909887,47.4436112,-122.3030184,2022-03-09 17:59:59.725000+00:00
909888,909888,47.443593,-122.3030533,2022-03-09 18:00:31.691000+00:00
909889,909889,47.4436084,-122.3030207,2022-03-09 18:01:35.869000+00:00
909890,909890,47.4436492,-122.3030214,2022-03-09 18:02:35.895000+00:00
909891,909891,47.4436345,-122.3030002,2022-03-09 18:03:35.903000+00:00
909892,909892,47.4438737,-122.3027709,2022-03-09 18:04:32.570000+00:00
909893,909893,47.4436836,-122.3030108,2022-03-09 18:05:35.956000+00:00
909894,909894,47.4436726,-122.3030026,2022-03-09 18:06:35.989000+00:00
909895,909895,47.4436835,-122.3030034,2022-03-09 18:07:36.036000+00:00
909896,909896,47.4436404,-122.3030279,2022-03-09 18:08:35.968000+00:00
909897,909897,47.4436737,-122.3030067,2022-03-09 18:09:36.052000+00:00
909898,909898,47.4436691,-122.3030207,2022-03-09 18:10:36.085000+00:00
909899,909899,47.4436565,-122.3029951,2022-03-09 18:11:36.139000+00:00
909900,909900,47.4436747,-122.3030008,2022-03-09 18:12:36.143000+00:00
909901,909901,47.4436392,-122.303024,2022-03-09 18:13:36.221000+00:00
909902,909902,47.4438737,-122.3027709,2022-03-09 18:14:32.564000+00:00
909903,909903,47.4438737,-122.3027709,2022-03-09 18:17:02.991000+00:00
909904,909904,47.4438737,-122.3027709,2022-03-09 18:20:39.195000+00:00
909905,909905,47.4438737,-122.3027709,2022-03-09 18:24:17.017000+00:00
909906,909906,47.443643,-122.3030353,2022-03-09 18:24:51.252000+00:00
909907,909907,47.443643,-122.3030353,2022-03-09 18:27:53.982000+00:00
909908,909908,47.4436194,-122.3030233,2022-03-09 18:28:13.730000+00:00
909909,909909,47.443648,-122.3030183,2022-03-09 18:29:06.252000+00:00
909910,909910,47.4436378,-122.3029867,2022-03-09 18:29:22+00:00
909911,909911,47.4437716,-122.3028015,2022-03-09 18:29:37+00:00
909912,909912,47.4438546,-122.3028126,2022-03-09 18:29:53+00:00
909913,909913,47.4439059,-122.3029221,2022-03-09 18:30:17+00:00
909914,909914,47.4437499,-122.3031689,2022-03-09 18:30:33+00:00
909915,909915,47.4437739,-122.3033931,2022-03-09 18:30:49+00:00
909916,909916,47.4439271,-122.3035718,2022-03-09 18:31:08+00:00
909917,909917,47.4440387,-122.3037457,2022-03-09 18:31:24+00:00
909918,909918,47.4439929,-122.3038379,2022-03-09 18:31:39+00:00
909919,909919,47.4433716,-122.3039126,2022-03-09 18:31:57+00:00
909920,909920,47.4436901,-122.3040022,2022-03-09 18:32:13+00:00
909921,909921,47.4437472,-122.3040855,2022-03-09 18:32:29+00:00
909922,909922,47.4437562,-122.3040899,2022-03-09 18:34:58.922000+00:00
909923,909923,47.4437562,-122.3040899,2022-03-09 18:38:22.914000+00:00
909924,909924,47.4437562,-122.3040899,2022-03-09 18:41:46.904000+00:00
909925,909925,47.4436284,-122.3029955,2022-03-09 18:41:47.093000+00:00
909926,909926,47.4436498,-122.3030377,2022-03-09 18:57:25.934000+00:00
909927,909927,47.4436498,-122.3030377,2022-03-09 19:03:47.210000+00:00
909928,909928,47.4436498,-122.3030377,2022-03-09 19:04:03.330000+00:00
909929,909929,47.4436388,-122.3029966,2022-03-09 19:06:03.402000+00:00
909930,909930,47.4436388,-122.3029966,2022-03-09 19:08:03.422000+00:00
909931,909931,47.4436388,-122.3029966,2022-03-09 19:10:03.453000+00:00
909932,909932,47.4434924,-122.3030176,2022-03-09 19:10:39.484000+00:00
909933,909933,47.4458122,-122.3039168,2022-03-09 19:19:57.391000+00:00
909934,909934,47.4458121,-122.3039118,2022-03-09 19:20:38.933000+00:00
909935,909935,47.4458251,-122.3039105,2022-03-09 19:21:14.864000+00:00
909936,909936,47.445803,-122.3039194,2022-03-09 19:22:06.899000+00:00
909937,909937,47.4458099,-122.3039122,2022-03-09 19:23:06.926000+00:00
909938,909938,47.4458011,-122.30391,2022-03-09 19:24:06.951000+00:00
909939,909939,47.4457974,-122.3039245,2022-03-09 19:25:06.969000+00:00
909940,909940,47.4458061,-122.3039112,2022-03-09 19:26:06.991000+00:00
909941,909941,47.4457384,-122.3039332,2022-03-09 19:26:37.741000+00:00
909942,909942,47.445779,-122.3039312,2022-03-09 19:27:37.808000+00:00
909943,909943,47.4458506,-122.3039015,2022-03-09 19:28:13.458000+00:00
909944,909944,47.4458084,-122.3038974,2022-03-09 19:29:13.359000+00:00
909945,909945,47.4457918,-122.3039018,2022-03-09 19:30:13.406000+00:00
909946,909946,47.4452257,-122.3038963,2022-03-09 19:39:33.200000+00:00
909947,909947,47.4458579,-122.3039055,2022-03-09 19:40:44.711000+00:00
909948,909948,47.4452257,-122.3038963,2022-03-09 19:41:33.255000+00:00
909949,909949,47.4452257,-122.3038963,2022-03-09 19:43:33.407000+00:00
909950,909950,47.4452257,-122.3038963,2022-03-09 19:45:33.429000+00:00
909951,909951,47.4452257,-122.3038963,2022-03-09 19:47:33.456000+00:00
909952,909952,47.4452257,-122.3038963,2022-03-09 19:49:33.492000+00:00
909953,909953,47.4452257,-122.3038963,2022-03-09 19:51:33.531000+00:00
909954,909954,47.4452257,-122.3038963,2022-03-09 19:51:53.352000+00:00
909955,909955,47.4452257,-122.3038963,2022-03-09 19:53:53.443000+00:00
909956,909956,47.4455108,-122.3039211,2022-03-09 19:55:17.882000+00:00
909957,909957,47.4452257,-122.3038963,2022-03-09 19:55:43.151000+00:00
909958,909958,47.4448126,-122.3037828,2022-03-09 19:56:26.973000+00:00
909959,909959,47.4445304,-122.3034436,2022-03-09 19:57:00.302000+00:00
909960,909960,47.4443163,-122.3031291,2022-03-09 19:57:31.332000+00:00
909961,909961,47.4441556,-122.3026457,2022-03-09 19:58:04.775000+00:00
909962,909962,47.4446544,-122.3020672,2022-03-09 19:58:39.366000+00:00
909963,909963,47.4447217,-122.3020278,2022-03-09 19:59:11.350000+00:00
909964,909964,47.4446474,-122.3022531,2022-03-09 20:00:16.869000+00:00
909965,909965,47.4446454,-122.3026803,2022-03-09 20:01:16.882000+00:00
909966,909966,47.4444781,-122.3024033,2022-03-09 20:01:53.294000+00:00
909967,909967,47.4442044,-122.3030114,2022-03-09 20:02:26.302000+00:00
909968,909968,47.4444363,-122.3032729,2022-03-09 20:02:56.705000+00:00
909969,909969,47.4445241,-122.3034775,2022-03-09 20:03:32.573000+00:00
909970,909970,47.4444853,-122.3033494,2022-03-09 20:04:03.432000+00:00
909971,909971,47.4446051,-122.3036992,2022-03-09 20:12:36.764000+00:00
909972,909972,47.4448132,-122.3037333,2022-03-09 20:12:53.293000+00:00
909973,909973,47.4453331,-122.3040421,2022-03-09 20:13:28.128000+00:00
909974,909974,47.4454977,-122.3039471,2022-03-09 20:14:00.339000+00:00
909975,909975,47.4457384,-122.3040158,2022-03-09 20:14:36.368000+00:00
909976,909976,47.4459696,-122.3042857,2022-03-09 20:15:08.302000+00:00
909977,909977,47.445889,-122.3041401,2022-03-09 20:15:44.200000+00:00
909978,909978,47.4459705,-122.3042782,2022-03-09 20:16:20.393000+00:00
909979,909979,47.446029,-122.3042646,2022-03-09 20:16:52.754000+00:00
909980,909980,47.4458325,-122.3039128,2022-03-09 20:17:28.496000+00:00
909981,909981,47.4458237,-122.3038578,2022-03-09 20:18:00.542000+00:00
909982,909982,47.4457239,-122.3038995,2022-03-09 20:19:05.258000+00:00
909983,909983,47.4457787,-122.3038788,2022-03-09 20:20:16.253000+00:00
909984,909984,47.4457417,-122.3037611,2022-03-09 20:21:20.557000+00:00
909985,909985,47.4458207,-122.3039008,2022-03-09 20:22:18.740000+00:00
909986,909986,47.445856,-122.3037587,2022-03-09 20:22:49.659000+00:00
909987,909987,47.4456938,-122.3041027,2022-03-09 20:23:21.757000+00:00
909988,909988,47.4455163,-122.3039847,2022-03-09 20:23:57.733000+00:00
909989,909989,47.4455823,-122.3039622,2022-03-09 20:24:40.076000+00:00
909990,909990,47.4455633,-122.3039899,2022-03-09 20:25:20.082000+00:00
909991,909991,47.445573,-122.3039542,2022-03-09 20:26:36.938000+00:00
909992,909992,47.4455217,-122.3040111,2022-03-09 20:27:07.673000+00:00
909993,909993,47.4455085,-122.3039388,2022-03-09 20:28:16.227000+00:00
909994,909994,47.4455213,-122.3038882,2022-03-09 20:29:16.220000+00:00
909995,909995,47.4455183,-122.3038926,2022-03-09 20:31:16.750000+00:00
909996,909996,47.4455144,-122.3039124,2022-03-09 20:32:16.246000+00:00
909997,909997,47.4452257,-122.3038963,2022-03-09 20:32:57.062000+00:00
909998,909998,47.4455242,-122.3039615,2022-03-09 20:34:16.777000+00:00
909999,909999,47.4455544,-122.3039328,2022-03-09 20:36:01.039000+00:00
910000,910000,47.445498,-122.3039795,2022-03-09 20:51:28.831000+00:00
910001,910001,47.4452257,-122.3038963,2022-03-09 21:04:06.903000+00:00
910002,910002,47.4457631,-122.3039242,2022-03-09 21:04:47.632000+00:00
910003,910003,47.4457596,-122.3039346,2022-03-09 21:05:27.715000+00:00
910004,910004,47.4457632,-122.3039311,2022-03-09 21:06:47.693000+00:00
910005,910005,47.4458098,-122.30391,2022-03-09 21:08:48.187000+00:00
910006,910006,47.4457753,-122.3039432,2022-03-09 21:09:27.792000+00:00
910007,910007,47.4458198,-122.3038882,2022-03-09 21:10:17.019000+00:00
910008,910008,47.4457519,-122.3039374,2022-03-09 21:12:07.608000+00:00
910009,910009,47.4458218,-122.3039155,2022-03-09 21:13:24.792000+00:00
910010,910010,47.4458136,-122.3038969,2022-03-09 21:14:24.824000+00:00
910011,910011,47.4457961,-122.303892,2022-03-09 21:15:24.851000+00:00
910012,910012,47.4457103,-122.3039243,2022-03-09 21:16:37.859000+00:00
910013,910013,47.4458616,-122.3038639,2022-03-09 21:17:09.342000+00:00
910014,910014,47.4461522,-122.3041057,2022-03-09 21:17:47.317000+00:00
910015,910015,47.4461965,-122.3040991,2022-03-09 21:18:19.227000+00:00
910016,910016,47.4462037,-122.3040512,2022-03-09 21:19:39.289000+00:00
910017,910017,47.4462818,-122.3040291,2022-03-09 21:20:10.728000+00:00
910018,910018,47.4458754,-122.3043417,2022-03-09 21:20:46.627000+00:00
910019,910019,47.4460137,-122.304277,2022-03-09 21:21:59.540000+00:00
910020,910020,47.445766,-122.3039283,2022-03-09 21:22:36.726000+00:00
910021,910021,47.445476,-122.3039456,2022-03-09 21:23:08.950000+00:00
910022,910022,47.4455113,-122.3040026,2022-03-09 21:23:43.246000+00:00
910023,910023,47.4458462,-122.3040934,2022-03-09 21:24:26.960000+00:00
910024,910024,47.4455279,-122.3040083,2022-03-09 21:25:50.485000+00:00
910025,910025,47.4455416,-122.3039813,2022-03-09 21:26:22.317000+00:00
910026,910026,47.4457935,-122.3039136,2022-03-09 21:26:54.385000+00:00
910027,910027,47.4457987,-122.3039506,2022-03-09 21:27:31.037000+00:00
910028,910028,47.4458129,-122.3039195,2022-03-09 21:28:42.914000+00:00
910029,910029,47.4457397,-122.3039288,2022-03-09 21:29:42.967000+00:00
910030,910030,47.4458217,-122.3039429,2022-03-09 21:30:42.971000+00:00
910031,910031,47.4458183,-122.3039429,2022-03-09 21:31:43.022000+00:00
910032,910032,47.4456025,-122.3040647,2022-03-09 21:32:43.049000+00:00
910033,910033,47.4456061,-122.304048,2022-03-09 21:33:16.172000+00:00
910034,910034,47.4456342,-122.3039911,2022-03-09 21:33:49.356000+00:00
910035,910035,47.4452257,-122.3038963,2022-03-09 21:34:26.986000+00:00
910036,910036,47.4456004,-122.3040202,2022-03-09 21:35:10.800000+00:00
910037,910037,47.4455636,-122.3040523,2022-03-09 21:36:27.530000+00:00
910038,910038,47.4456392,-122.3040666,2022-03-09 21:37:27.555000+00:00
910039,910039,47.4455535,-122.3039598,2022-03-09 21:39:17.044000+00:00
910040,910040,47.4456229,-122.3039855,2022-03-09 21:39:49.877000+00:00
910041,910041,47.4456092,-122.3039819,2022-03-09 21:40:33.898000+00:00
910042,910042,47.4456148,-122.3039972,2022-03-09 21:41:33.897000+00:00
910043,910043,47.4455922,-122.3040058,2022-03-09 21:42:17.236000+00:00
910044,910044,47.4455416,-122.3040781,2022-03-09 21:43:18.743000+00:00
910045,910045,47.4454136,-122.3043184,2022-03-09 21:43:50.693000+00:00
910046,910046,47.4455565,-122.3042486,2022-03-09 21:44:23.594000+00:00
910047,910047,47.4458419,-122.3040028,2022-03-09 21:44:57.868000+00:00
910048,910048,47.4458954,-122.3045204,2022-03-09 21:46:18.987000+00:00
910049,910049,47.4455342,-122.3041898,2022-03-09 21:46:52.853000+00:00
910050,910050,47.4456752,-122.3044777,2022-03-09 21:47:40.427000+00:00
910051,910051,47.4458512,-122.3044064,2022-03-09 21:48:40.581000+00:00
910052,910052,47.4456838,-122.3044193,2022-03-09 21:49:40.586000+00:00
910053,910053,47.4456752,-122.3044777,2022-03-09 21:50:40.599000+00:00
910054,910054,47.4456126,-122.3044484,2022-03-09 21:51:40.676000+00:00
910055,910055,47.4456157,-122.3044332,2022-03-09 21:52:40.700000+00:00
910056,910056,47.4457713,-122.3044231,2022-03-09 21:53:32.350000+00:00
910057,910057,46.0875895,-118.2844305,2022-03-09 22:58:05.413000+00:00
910058,910058,46.0875981,-118.2844302,2022-03-09 22:58:37.057000+00:00
910059,910059,46.0874337,-118.2846537,2022-03-09 22:59:13.603000+00:00
910060,910060,46.0876037,-118.2845011,2022-03-09 23:00:46.352000+00:00
910061,910061,46.0875042,-118.284661,2022-03-09 23:01:46.365000+00:00
910062,910062,46.0872804,-118.284736,2022-03-09 23:02:43.620000+00:00
910063,910063,46.0873222,-118.2846156,2022-03-09 23:03:16.804000+00:00
910064,910064,46.0874078,-118.2845422,2022-03-09 23:04:00.254000+00:00
910065,910065,46.0874621,-118.2845604,2022-03-09 23:04:35.498000+00:00
910066,910066,46.0873995,-118.2846071,2022-03-09 23:05:15.992000+00:00
910067,910067,46.0872808,-118.2846982,2022-03-09 23:05:50.314000+00:00
910068,910068,46.0872704,-118.2847386,2022-03-09 23:06:23.850000+00:00
910069,910069,46.0872641,-118.2847203,2022-03-09 23:07:15.992000+00:00
910070,910070,46.0872557,-118.2847821,2022-03-09 23:07:52.553000+00:00
910071,910071,46.0872935,-118.2847345,2022-03-09 23:08:41.850000+00:00
910072,910072,46.0873297,-118.2846208,2022-03-09 23:11:00.547000+00:00
910073,910073,46.0874056,-118.2845286,2022-03-09 23:11:38.501000+00:00
910074,910074,46.0874873,-118.2843774,2022-03-09 23:12:38.550000+00:00
910075,910075,46.0874873,-118.2843774,2022-03-09 23:14:24.135000+00:00
910076,910076,46.0841987,-118.2774793,2022-03-09 23:14:40+00:00
910077,910077,46.0853173,-118.2724099,2022-03-09 23:14:56+00:00
910078,910078,46.0862566,-118.2679738,2022-03-09 23:15:11+00:00
910079,910079,46.0850032,-118.2668397,2022-03-09 23:15:31+00:00
910080,910080,46.0840841,-118.2690918,2022-03-09 23:15:46+00:00
910081,910081,46.0827987,-118.27285,2022-03-09 23:16:02+00:00
910082,910082,46.0814847,-118.2750067,2022-03-09 23:16:21+00:00
910083,910083,46.0802053,-118.2757018,2022-03-09 23:16:37+00:00
910084,910084,46.0799122,-118.2831875,2022-03-09 23:17:38.629000+00:00
910085,910085,46.0673578,-118.3034563,2022-03-09 23:20:38.762000+00:00
910086,910086,46.0676179,-118.3087474,2022-03-09 23:21:18.418000+00:00
910087,910087,46.067667,-118.3127721,2022-03-09 23:21:58.530000+00:00
910088,910088,46.0676487,-118.3188016,2022-03-09 23:22:58.463000+00:00
910089,910089,46.0643915,-118.3178665,2022-03-09 23:23:58.491000+00:00
910090,910090,46.0643915,-118.3178665,2022-03-09 23:24:44.447000+00:00
910091,910091,46.0643915,-118.3178665,2022-03-09 23:34:44.883000+00:00
910092,910092,46.0677351,-118.3414134,2022-03-09 23:37:16.362000+00:00
910093,910093,46.0677723,-118.3413426,2022-03-09 23:37:56.392000+00:00
910094,910094,46.0677536,-118.3414109,2022-03-09 23:38:26.505000+00:00
910095,910095,46.0694881,-118.3401964,2022-03-09 23:40:11.634000+00:00
910096,910096,46.0677945,-118.3413476,2022-03-09 23:41:12.891000+00:00
910097,910097,46.0677972,-118.3413227,2022-03-09 23:42:12.846000+00:00
910098,910098,46.0677994,-118.3413495,2022-03-09 23:43:32.873000+00:00
910099,910099,46.0660872,-118.3375799,2022-03-09 23:47:36.369000+00:00
910100,910100,46.0677841,-118.3413181,2022-03-09 23:53:34.997000+00:00
910101,910101,46.0677208,-118.340966,2022-03-09 23:59:29.930000+00:00
910102,910102,46.0676986,-118.3413244,2022-03-09 23:59:39.963000+00:00
910103,910103,46.0677207,-118.3412413,2022-03-09 23:59:44.974000+00:00
910104,910104,46.0677692,-118.3412802,2022-03-10 00:00:05+00:00
910105,910105,46.0677744,-118.3412852,2022-03-10 00:00:20+00:00
910106,910106,46.0677965,-118.3412893,2022-03-10 00:00:35+00:00
910107,910107,46.0678067,-118.3412926,2022-03-10 00:00:50+00:00
910108,910108,46.0677872,-118.3413076,2022-03-10 00:04:05.562000+00:00
910109,910109,46.0689286,-118.3422703,2022-03-10 00:04:53.148000+00:00
910110,910110,46.0677785,-118.34133,2022-03-10 00:06:53.563000+00:00
910111,910111,46.0677785,-118.34133,2022-03-10 00:16:25.343000+00:00
910112,910112,46.0678099,-118.3412901,2022-03-10 00:18:06.333000+00:00
910113,910113,46.067778,-118.3413255,2022-03-10 00:21:52.256000+00:00
910114,910114,46.0678267,-118.3414456,2022-03-10 00:27:07+00:00
910115,910115,46.0678257,-118.3415852,2022-03-10 00:27:22+00:00
910116,910116,46.0678544,-118.3414366,2022-03-10 00:27:38+00:00
910117,910117,46.0678696,-118.3413644,2022-03-10 00:27:53+00:00
910118,910118,46.0678688,-118.3413662,2022-03-10 00:28:09+00:00
910119,910119,46.0678687,-118.3413682,2022-03-10 00:28:25+00:00
910120,910120,46.0678717,-118.341373,2022-03-10 00:28:41+00:00
910121,910121,46.0678725,-118.3413699,2022-03-10 00:28:56+00:00
910122,910122,46.0678717,-118.3413686,2022-03-10 00:29:11+00:00
910123,910123,46.0678715,-118.3413692,2022-03-10 00:29:27+00:00
910124,910124,46.0678708,-118.3413654,2022-03-10 00:29:43+00:00
910125,910125,46.0678727,-118.3413644,2022-03-10 00:29:58+00:00
910126,910126,46.0678691,-118.341367,2022-03-10 00:30:14+00:00
910127,910127,46.0678705,-118.3413686,2022-03-10 00:30:29+00:00
910128,910128,46.0678707,-118.3413702,2022-03-10 00:30:45+00:00
910129,910129,46.067871,-118.341371,2022-03-10 00:31:01+00:00
910130,910130,46.0678709,-118.3413733,2022-03-10 00:31:17+00:00
910131,910131,46.0678706,-118.341373,2022-03-10 00:31:32+00:00
910132,910132,46.0678692,-118.3413712,2022-03-10 00:31:47+00:00
910133,910133,46.0678688,-118.3413707,2022-03-10 00:32:03.867000+00:00
910134,910134,46.0677397,-118.3414157,2022-03-10 00:37:06.567000+00:00
910135,910135,46.0678027,-118.341303,2022-03-10 00:43:51.544000+00:00
910136,910136,46.0677829,-118.3413491,2022-03-10 00:50:36.731000+00:00
910137,910137,46.0677439,-118.3413666,2022-03-10 00:56:36.711000+00:00
910138,910138,46.0677439,-118.3413666,2022-03-10 00:56:37.312000+00:00
910139,910139,46.0677938,-118.3412859,2022-03-10 01:03:00.316000+00:00
910140,910140,46.0678199,-118.3413382,2022-03-10 01:27:54.716000+00:00
910141,910141,46.0677891,-118.341333,2022-03-10 01:28:48.281000+00:00
910142,910142,46.0677658,-118.3413339,2022-03-10 01:29:37.429000+00:00
910143,910143,46.0678126,-118.3413031,2022-03-10 01:30:37.464000+00:00
910144,910144,46.0677542,-118.3413761,2022-03-10 01:31:29.393000+00:00
910145,910145,46.0677878,-118.3413017,2022-03-10 01:33:37.870000+00:00
910146,910146,46.0678099,-118.3413044,2022-03-10 01:34:37.426000+00:00
910147,910147,46.0677908,-118.341327,2022-03-10 01:36:37.826000+00:00
910148,910148,46.0677877,-118.3413318,2022-03-10 01:37:37.543000+00:00
910149,910149,46.0679669,-118.3411284,2022-03-10 01:39:37.914000+00:00
910150,910150,46.0677887,-118.3413075,2022-03-10 02:03:54.829000+00:00
910151,910151,46.0679961,-118.341297,2022-03-10 02:04:07+00:00
910152,910152,46.0679829,-118.3412767,2022-03-10 02:04:25+00:00
910153,910153,46.0679692,-118.3412905,2022-03-10 02:04:40+00:00
910154,910154,46.0679638,-118.3413026,2022-03-10 02:04:55+00:00
910155,910155,46.0679551,-118.3413101,2022-03-10 02:05:10+00:00
910156,910156,46.0679521,-118.3413108,2022-03-10 02:05:25+00:00
910157,910157,46.0679538,-118.341314,2022-03-10 02:05:40+00:00
910158,910158,46.0679506,-118.3413167,2022-03-10 02:05:55+00:00
910159,910159,46.0679485,-118.3413157,2022-03-10 02:06:10+00:00
910160,910160,46.0679477,-118.3413187,2022-03-10 02:06:25+00:00
910161,910161,46.0679441,-118.3413256,2022-03-10 02:06:40+00:00
910162,910162,46.0679335,-118.3413229,2022-03-10 02:06:55+00:00
910163,910163,46.0679276,-118.3413228,2022-03-10 02:07:10+00:00
910164,910164,46.0679245,-118.3413237,2022-03-10 02:07:25+00:00
910165,910165,46.0679266,-118.3413218,2022-03-10 02:07:40+00:00
910166,910166,46.0679217,-118.3413222,2022-03-10 02:07:55+00:00
910167,910167,46.0679191,-118.3413217,2022-03-10 02:08:10+00:00
910168,910168,46.0679161,-118.3413221,2022-03-10 02:08:25+00:00
910169,910169,46.0679113,-118.3413211,2022-03-10 02:08:40+00:00
910170,910170,46.0679112,-118.3413218,2022-03-10 02:08:55+00:00
910171,910171,46.0679106,-118.341323,2022-03-10 02:09:10+00:00
910172,910172,46.0679087,-118.3413233,2022-03-10 02:09:25+00:00
910173,910173,46.0679028,-118.3413248,2022-03-10 02:09:40+00:00
910174,910174,46.0678942,-118.3413215,2022-03-10 02:09:55+00:00
910175,910175,46.0678899,-118.3413214,2022-03-10 02:10:10+00:00
910176,910176,46.0678906,-118.3413241,2022-03-10 02:10:25+00:00
910177,910177,46.0678921,-118.3413277,2022-03-10 02:10:40+00:00
910178,910178,46.067892,-118.3413288,2022-03-10 02:10:55+00:00
910179,910179,46.0678917,-118.3413292,2022-03-10 02:11:10+00:00
910180,910180,46.0678894,-118.3413297,2022-03-10 02:11:25+00:00
910181,910181,46.0678886,-118.3413292,2022-03-10 02:11:40+00:00
910182,910182,46.0678862,-118.3413287,2022-03-10 02:11:55+00:00
910183,910183,46.0678858,-118.3413285,2022-03-10 02:12:10+00:00
910184,910184,46.0678849,-118.3413282,2022-03-10 02:12:25+00:00
910185,910185,46.0678846,-118.3413276,2022-03-10 02:12:40+00:00
910186,910186,46.0678798,-118.3413276,2022-03-10 02:12:55+00:00
910187,910187,46.0678801,-118.341328,2022-03-10 02:13:10+00:00
910188,910188,46.0678788,-118.3413283,2022-03-10 02:13:25+00:00
910189,910189,46.0678776,-118.3413275,2022-03-10 02:13:40+00:00
910190,910190,46.0678749,-118.3413271,2022-03-10 02:13:55+00:00
910191,910191,46.0678742,-118.3413276,2022-03-10 02:14:10+00:00
910192,910192,46.0678668,-118.3413279,2022-03-10 02:15:09.257000+00:00
910193,910193,46.0677817,-118.3413442,2022-03-10 02:15:19+00:00
910194,910194,46.0677928,-118.3413424,2022-03-10 02:15:20+00:00
910195,910195,46.067879,-118.3413177,2022-03-10 02:15:24.109000+00:00
910196,910196,46.0678686,-118.3413285,2022-03-10 02:15:25+00:00
910197,910197,46.0678205,-118.3413508,2022-03-10 02:15:49+00:00
910198,910198,46.0677914,-118.3414207,2022-03-10 02:16:04.036000+00:00
910199,910199,46.0676969,-118.3416848,2022-03-10 02:16:19.010000+00:00
910200,910200,46.067698,-118.3416947,2022-03-10 02:16:19.771000+00:00
910201,910201,46.0676981,-118.3416899,2022-03-10 02:16:20.428000+00:00
910202,910202,46.0676896,-118.3411951,2022-03-10 02:16:50+00:00
910203,910203,46.0675216,-118.3413289,2022-03-10 02:17:05.493000+00:00
910204,910204,46.067321,-118.341401,2022-03-10 02:17:19.221000+00:00
910205,910205,46.0673144,-118.3413992,2022-03-10 02:17:19.797000+00:00
910206,910206,46.0672042,-118.3413559,2022-03-10 02:17:35+00:00
910207,910207,46.0672754,-118.3410874,2022-03-10 02:17:50+00:00
910208,910208,46.0673378,-118.3408508,2022-03-10 02:18:05+00:00
910209,910209,46.0674393,-118.3405911,2022-03-10 02:18:20+00:00
910210,910210,46.0674441,-118.3405809,2022-03-10 02:18:20.151000+00:00
910211,910211,46.0674499,-118.3405682,2022-03-10 02:18:21+00:00
910212,910212,46.0674893,-118.3404977,2022-03-10 02:18:24.795000+00:00
910213,910213,46.0676078,-118.3401916,2022-03-10 02:18:50+00:00
910214,910214,46.0675505,-118.3401966,2022-03-10 02:19:05+00:00
910215,910215,46.0675142,-118.3401938,2022-03-10 02:19:20.135000+00:00
910216,910216,46.0675102,-118.340191,2022-03-10 02:19:20.511000+00:00
910217,910217,46.0675035,-118.3401856,2022-03-10 02:19:21.092000+00:00
910218,910218,46.0675037,-118.3401922,2022-03-10 02:19:21.529000+00:00
910219,910219,46.0675072,-118.3402032,2022-03-10 02:19:22.073000+00:00
910220,910220,46.0674733,-118.3401964,2022-03-10 02:19:25.746000+00:00
910221,910221,46.0671943,-118.3398704,2022-03-10 02:19:50.954000+00:00
910222,910222,46.0670158,-118.339723,2022-03-10 02:20:06.076000+00:00
910223,910223,46.0669342,-118.3394928,2022-03-10 02:20:21+00:00
910224,910224,46.066929,-118.3394837,2022-03-10 02:20:21.232000+00:00
910225,910225,46.0666993,-118.3393432,2022-03-10 02:20:51+00:00
910226,910226,46.0666285,-118.3393844,2022-03-10 02:21:06+00:00
910227,910227,46.0666554,-118.3394007,2022-03-10 02:21:21+00:00
910228,910228,46.0666547,-118.3393996,2022-03-10 02:21:21.063000+00:00
910229,910229,46.0666672,-118.3393742,2022-03-10 02:21:36.620000+00:00
910230,910230,46.06671,-118.3391354,2022-03-10 02:21:52.239000+00:00
910231,910231,46.0668196,-118.3388798,2022-03-10 02:22:07.553000+00:00
910232,910232,46.0668639,-118.3386534,2022-03-10 02:22:21.533000+00:00
910233,910233,46.0668696,-118.3386455,2022-03-10 02:22:22.096000+00:00
910234,910234,46.0668773,-118.3386357,2022-03-10 02:22:23.114000+00:00
910235,910235,46.0669665,-118.3385233,2022-03-10 02:22:33.775000+00:00
910236,910236,46.0670721,-118.3382522,2022-03-10 02:22:52.372000+00:00
910237,910237,46.0671216,-118.338036,2022-03-10 02:23:08+00:00
910238,910238,46.0671015,-118.3379305,2022-03-10 02:23:22+00:00
910239,910239,46.067101,-118.3379318,2022-03-10 02:23:23+00:00
910240,910240,46.0671001,-118.3379368,2022-03-10 02:23:23.928000+00:00
910241,910241,46.0669428,-118.3378311,2022-03-10 02:23:51.900000+00:00
910242,910242,46.0670478,-118.3377004,2022-03-10 02:24:08+00:00
910243,910243,46.0670597,-118.3376989,2022-03-10 02:24:22+00:00
910244,910244,46.06706,-118.3376981,2022-03-10 02:24:23+00:00
910245,910245,46.0670875,-118.3376158,2022-03-10 02:24:53+00:00
910246,910246,46.0670962,-118.3376028,2022-03-10 02:25:09.224000+00:00
910247,910247,46.0670545,-118.337586,2022-03-10 02:25:19.256000+00:00
910248,910248,46.0670764,-118.3375794,2022-03-10 02:25:24.292000+00:00
910249,910249,46.0670874,-118.3375752,2022-03-10 02:25:29.262000+00:00
910250,910250,46.0670779,-118.3375815,2022-03-10 02:25:54.337000+00:00
910251,910251,46.0670588,-118.3375953,2022-03-10 02:26:09.385000+00:00
910252,910252,46.0670666,-118.3375857,2022-03-10 02:26:24.413000+00:00
910253,910253,46.0670686,-118.3375733,2022-03-10 02:26:39.466000+00:00
910254,910254,46.0670492,-118.3376035,2022-03-10 02:26:54.519000+00:00
910255,910255,46.0670587,-118.3375859,2022-03-10 02:27:04.549000+00:00
910256,910256,46.0670628,-118.3375878,2022-03-10 02:27:09.567000+00:00
910257,910257,46.0670626,-118.3375789,2022-03-10 02:27:21.150000+00:00
910258,910258,46.0670563,-118.3375791,2022-03-10 02:27:25+00:00
910259,910259,46.0670566,-118.3376051,2022-03-10 02:27:26+00:00
910260,910260,46.0670565,-118.3376068,2022-03-10 02:27:27+00:00
910261,910261,46.0670521,-118.3376035,2022-03-10 02:27:29.585000+00:00
910262,910262,46.0670545,-118.3375859,2022-03-10 02:27:56+00:00
910263,910263,46.0671197,-118.3377331,2022-03-10 02:28:23.877000+00:00
910264,910264,46.0671697,-118.3379122,2022-03-10 02:28:39+00:00
910265,910265,46.0673781,-118.3380471,2022-03-10 02:28:54.494000+00:00
910266,910266,46.0674784,-118.3381485,2022-03-10 02:29:09.576000+00:00
910267,910267,46.0676119,-118.3383282,2022-03-10 02:29:23.958000+00:00
910268,910268,46.0676159,-118.3383352,2022-03-10 02:29:24.533000+00:00
910269,910269,46.0676197,-118.338346,2022-03-10 02:29:24.906000+00:00
910270,910270,46.0676243,-118.3383474,2022-03-10 02:29:26.115000+00:00
910271,910271,46.0674388,-118.3389157,2022-03-10 02:29:55.439000+00:00
910272,910272,46.0674055,-118.3391833,2022-03-10 02:30:10.494000+00:00
910273,910273,46.067297,-118.3394126,2022-03-10 02:30:24.558000+00:00
910274,910274,46.0672965,-118.339419,2022-03-10 02:30:24.959000+00:00
910275,910275,46.0672947,-118.3394285,2022-03-10 02:30:25.557000+00:00
910276,910276,46.0674564,-118.3397663,2022-03-10 02:30:55.361000+00:00
910277,910277,46.0676304,-118.3398579,2022-03-10 02:31:11+00:00
910278,910278,46.0674697,-118.3401888,2022-03-10 02:31:24.935000+00:00
910279,910279,46.0674672,-118.3402016,2022-03-10 02:31:26+00:00
910280,910280,46.0674669,-118.340213,2022-03-10 02:31:27+00:00
910281,910281,46.0674818,-118.3401527,2022-03-10 02:31:35.663000+00:00
910282,910282,46.0675518,-118.3401249,2022-03-10 02:31:54.961000+00:00
910283,910283,46.0675372,-118.3404695,2022-03-10 02:32:10.334000+00:00
910284,910284,46.0673922,-118.3406619,2022-03-10 02:32:25.359000+00:00
910285,910285,46.0673899,-118.340665,2022-03-10 02:32:26+00:00
910286,910286,46.0673924,-118.3406971,2022-03-10 02:32:31.021000+00:00
910287,910287,46.0676614,-118.3408405,2022-03-10 02:32:55.797000+00:00
910288,910288,46.0678066,-118.3410186,2022-03-10 02:33:10.832000+00:00
910289,910289,46.0677533,-118.3412417,2022-03-10 02:33:25.913000+00:00
910290,910290,46.0677571,-118.3412385,2022-03-10 02:33:26.314000+00:00
910291,910291,46.067752,-118.3412533,2022-03-10 02:33:27.382000+00:00
910292,910292,46.0677519,-118.3412562,2022-03-10 02:33:27.857000+00:00
910293,910293,46.0677511,-118.3412612,2022-03-10 02:33:28.457000+00:00
910294,910294,46.0676421,-118.3416729,2022-03-10 02:33:57.818000+00:00
910295,910295,46.0676596,-118.3415619,2022-03-10 02:34:13.090000+00:00
910296,910296,46.0675726,-118.3412575,2022-03-10 02:34:26.701000+00:00
910297,910297,46.0675924,-118.3411932,2022-03-10 02:34:32.143000+00:00
910298,910298,46.0678528,-118.3410832,2022-03-10 02:34:57.206000+00:00
910299,910299,46.0678503,-118.3411454,2022-03-10 02:35:12.459000+00:00
910300,910300,46.0678295,-118.3412294,2022-03-10 02:35:22.293000+00:00
910301,910301,46.0678256,-118.3412404,2022-03-10 02:35:27.307000+00:00
910302,910302,46.0678177,-118.3412419,2022-03-10 02:35:32.323000+00:00
910303,910303,46.0678142,-118.341248,2022-03-10 02:35:37.357000+00:00
910304,910304,46.0678089,-118.3412468,2022-03-10 02:35:42+00:00
910305,910305,46.0678648,-118.3414435,2022-03-10 02:35:58+00:00
910306,910306,46.0679073,-118.3414942,2022-03-10 02:36:13+00:00
910307,910307,46.0678997,-118.3414851,2022-03-10 02:36:28+00:00
910308,910308,46.0678994,-118.3414847,2022-03-10 02:36:29+00:00
910309,910309,46.0678993,-118.3414845,2022-03-10 02:36:30+00:00
910310,910310,46.0678823,-118.3414676,2022-03-10 02:36:59+00:00
910311,910311,46.0678714,-118.3414564,2022-03-10 02:37:14+00:00
910312,910312,46.0678651,-118.3414452,2022-03-10 02:37:29+00:00
910313,910313,46.0678646,-118.341444,2022-03-10 02:37:30+00:00
910314,910314,46.0678641,-118.3414429,2022-03-10 02:37:32.666000+00:00
910315,910315,46.0678575,-118.3414334,2022-03-10 02:37:59+00:00
910316,910316,46.0678541,-118.3414298,2022-03-10 02:38:14+00:00
910317,910317,46.0678521,-118.3414277,2022-03-10 02:38:29+00:00
910318,910318,46.0678518,-118.3414272,2022-03-10 02:38:32.831000+00:00
910319,910319,46.0678502,-118.341425,2022-03-10 02:38:59+00:00
910320,910320,46.0678494,-118.341424,2022-03-10 02:39:14+00:00
910321,910321,46.0678485,-118.3414223,2022-03-10 02:39:29+00:00
910322,910322,46.0678482,-118.3414218,2022-03-10 02:39:30+00:00
910323,910323,46.067848,-118.3414214,2022-03-10 02:39:31+00:00
910324,910324,46.0678478,-118.3414213,2022-03-10 02:39:32.996000+00:00
910325,910325,46.0678419,-118.3414143,2022-03-10 02:40:00+00:00
910326,910326,46.067841,-118.3414142,2022-03-10 02:40:15+00:00
910327,910327,46.0678393,-118.341412,2022-03-10 02:40:30+00:00
910328,910328,46.0678391,-118.3414117,2022-03-10 02:40:31+00:00
910329,910329,46.067839,-118.3414115,2022-03-10 02:40:32+00:00
910330,910330,46.0678356,-118.3414091,2022-03-10 02:41:01+00:00
910331,910331,46.0678352,-118.3414087,2022-03-10 02:41:16+00:00
910332,910332,46.0678348,-118.3414083,2022-03-10 02:41:31+00:00
910333,910333,46.0678338,-118.341408,2022-03-10 02:41:46+00:00
910334,910334,46.0678317,-118.3414048,2022-03-10 02:42:01+00:00
910335,910335,46.0678326,-118.3414069,2022-03-10 02:42:16+00:00
910336,910336,46.0678309,-118.341406,2022-03-10 02:42:31+00:00
910337,910337,46.0678309,-118.341406,2022-03-10 02:42:32+00:00
910338,910338,46.0678308,-118.341406,2022-03-10 02:42:33.564000+00:00
910339,910339,46.0678282,-118.3414032,2022-03-10 02:43:01+00:00
910340,910340,46.0678274,-118.341402,2022-03-10 02:43:16+00:00
910341,910341,46.0678272,-118.3414016,2022-03-10 02:43:31+00:00
910342,910342,46.0678272,-118.3414016,2022-03-10 02:43:32+00:00
910343,910343,46.0678272,-118.3414016,2022-03-10 02:43:33+00:00
910344,910344,46.0678277,-118.3414019,2022-03-10 02:44:02+00:00
910345,910345,46.0678281,-118.3414022,2022-03-10 02:44:17+00:00
910346,910346,46.0678286,-118.3414022,2022-03-10 02:44:32+00:00
910347,910347,46.0678287,-118.3414022,2022-03-10 02:44:33+00:00
910348,910348,46.0678287,-118.3414022,2022-03-10 02:44:33.969000+00:00
910349,910349,46.0678287,-118.341402,2022-03-10 02:45:03+00:00
910350,910350,46.0678291,-118.3414019,2022-03-10 02:45:18+00:00
910351,910351,46.0678292,-118.3414019,2022-03-10 02:45:33+00:00
910352,910352,46.0678292,-118.3414019,2022-03-10 02:45:34+00:00
910353,910353,46.0678293,-118.3414016,2022-03-10 02:46:03+00:00
910354,910354,46.0678294,-118.3414015,2022-03-10 02:46:18+00:00
910355,910355,46.0678295,-118.3414013,2022-03-10 02:46:33+00:00
910356,910356,46.0678295,-118.3414013,2022-03-10 02:46:34+00:00
910357,910357,46.0678292,-118.3414007,2022-03-10 02:47:03+00:00
910358,910358,46.0678293,-118.3414006,2022-03-10 02:47:18+00:00
910359,910359,46.0678294,-118.3414006,2022-03-10 02:47:33+00:00
910360,910360,46.0678294,-118.3414006,2022-03-10 02:47:34+00:00
910361,910361,46.0678295,-118.3414005,2022-03-10 02:47:49+00:00
910362,910362,46.0678296,-118.3414003,2022-03-10 02:48:04+00:00
910363,910363,46.0678297,-118.3414003,2022-03-10 02:48:19+00:00
910364,910364,46.0678298,-118.3414003,2022-03-10 02:48:34+00:00
910365,910365,46.0678298,-118.3414003,2022-03-10 02:48:34.710000+00:00
910366,910366,46.0678298,-118.3414003,2022-03-10 02:48:35+00:00
910367,910367,46.0678298,-118.3414003,2022-03-10 02:48:36+00:00
910368,910368,46.0678302,-118.3414004,2022-03-10 02:48:51+00:00
910369,910369,46.0678305,-118.3414006,2022-03-10 02:49:06+00:00
910370,910370,46.0678307,-118.3414009,2022-03-10 02:49:21+00:00
910371,910371,46.0678308,-118.3414007,2022-03-10 02:49:34.863000+00:00
910372,910372,46.0678308,-118.3414007,2022-03-10 02:49:35+00:00
910373,910373,46.0678307,-118.3414006,2022-03-10 02:49:36+00:00
910374,910374,46.0678308,-118.3414005,2022-03-10 02:50:05+00:00
910375,910375,46.0678309,-118.3414006,2022-03-10 02:50:20+00:00
910376,910376,46.0678309,-118.3414006,2022-03-10 02:50:35+00:00
910377,910377,46.0678309,-118.3414006,2022-03-10 02:50:36+00:00
910378,910378,46.0678311,-118.3414006,2022-03-10 02:50:45.062000+00:00
910379,910379,46.0678312,-118.3414008,2022-03-10 02:51:06+00:00
910380,910380,46.0678311,-118.3414008,2022-03-10 02:51:21+00:00
910381,910381,46.067831,-118.3414007,2022-03-10 02:51:36+00:00
910382,910382,46.0678309,-118.3414007,2022-03-10 02:51:37+00:00
910383,910383,46.0678308,-118.3414004,2022-03-10 02:51:55+00:00
910384,910384,46.0678309,-118.3414005,2022-03-10 02:52:10+00:00
910385,910385,46.0678308,-118.3414005,2022-03-10 02:52:25+00:00
910386,910386,46.0678309,-118.3414005,2022-03-10 02:52:37+00:00
910387,910387,46.0678309,-118.3414005,2022-03-10 02:52:38+00:00
910388,910388,46.0678312,-118.3414006,2022-03-10 02:53:07+00:00
910389,910389,46.0678313,-118.3414007,2022-03-10 02:53:22+00:00
910390,910390,46.0678313,-118.3414008,2022-03-10 02:53:37+00:00
910391,910391,46.0678314,-118.3414008,2022-03-10 02:53:38+00:00
910392,910392,46.0678315,-118.3414012,2022-03-10 02:53:50.774000+00:00
910393,910393,46.0678341,-118.3414008,2022-03-10 02:54:08+00:00
910394,910394,46.0678348,-118.3414007,2022-03-10 02:54:23+00:00
910395,910395,46.0678353,-118.3414007,2022-03-10 02:54:38+00:00
910396,910396,46.0678354,-118.3414007,2022-03-10 02:54:39+00:00
910397,910397,46.0678354,-118.3414008,2022-03-10 02:54:40+00:00
910398,910398,46.0678354,-118.3414008,2022-03-10 02:54:40.720000+00:00
910399,910399,46.0678354,-118.3414006,2022-03-10 02:54:57+00:00
910400,910400,46.0678354,-118.3414007,2022-03-10 02:55:00.712000+00:00
910401,910401,46.0678357,-118.3414009,2022-03-10 02:55:20.742000+00:00
910402,910402,46.0678357,-118.3414009,2022-03-10 02:55:35.781000+00:00
910403,910403,46.0678358,-118.341401,2022-03-10 02:55:40+00:00
910404,910404,46.0678358,-118.3414011,2022-03-10 02:55:40.714000+00:00
910405,910405,46.067836,-118.3414012,2022-03-10 02:56:00.833000+00:00
910406,910406,46.0678362,-118.3414012,2022-03-10 02:56:16+00:00
910407,910407,46.0678366,-118.3414016,2022-03-10 02:56:31+00:00
910408,910408,46.0678367,-118.3414016,2022-03-10 02:56:40+00:00
910409,910409,46.0678367,-118.3414016,2022-03-10 02:56:41+00:00
910410,910410,46.067837,-118.3414017,2022-03-10 02:56:46.022000+00:00
910411,910411,46.0678375,-118.3414022,2022-03-10 02:57:02+00:00
910412,910412,46.0678375,-118.3414022,2022-03-10 02:57:06.068000+00:00
910413,910413,46.067838,-118.3414025,2022-03-10 02:57:21.103000+00:00
910414,910414,46.0678382,-118.3414026,2022-03-10 02:57:41+00:00
910415,910415,46.0678382,-118.3414026,2022-03-10 02:57:42+00:00
910416,910416,46.0678381,-118.3414026,2022-03-10 02:58:02+00:00
910417,910417,46.0678381,-118.3414024,2022-03-10 02:58:17+00:00
910418,910418,46.0678382,-118.3414026,2022-03-10 02:58:32+00:00
910419,910419,46.0678384,-118.3414027,2022-03-10 02:58:42+00:00
910420,910420,46.0678384,-118.3414027,2022-03-10 02:58:43+00:00
910421,910421,46.0678388,-118.3414031,2022-03-10 02:59:12+00:00
910422,910422,46.0678389,-118.3414032,2022-03-10 02:59:27+00:00
910423,910423,46.0678389,-118.3414033,2022-03-10 02:59:41.564000+00:00
910424,910424,46.0678389,-118.3414033,2022-03-10 02:59:42+00:00
910425,910425,46.0678388,-118.3414032,2022-03-10 02:59:43+00:00
910426,910426,46.067839,-118.3414033,2022-03-10 02:59:56.608000+00:00
910427,910427,46.0678394,-118.3414035,2022-03-10 03:00:13+00:00
910428,910428,46.0678397,-118.3414034,2022-03-10 03:00:28+00:00
910429,910429,46.0678397,-118.3414035,2022-03-10 03:00:41.732000+00:00
910430,910430,46.0678397,-118.3414035,2022-03-10 03:00:43+00:00
910431,910431,46.0678397,-118.3414034,2022-03-10 03:00:44+00:00
910432,910432,46.0678395,-118.3414035,2022-03-10 03:01:06.765000+00:00
910433,910433,46.0678394,-118.3414035,2022-03-10 03:01:21.851000+00:00
910434,910434,46.0678394,-118.3414034,2022-03-10 03:01:37+00:00
910435,910435,46.0678394,-118.3414033,2022-03-10 03:01:41.867000+00:00
910436,910436,46.0678394,-118.3414032,2022-03-10 03:01:43+00:00
910437,910437,46.0678393,-118.3414032,2022-03-10 03:01:44+00:00
910438,910438,46.0678393,-118.3414032,2022-03-10 03:01:56.976000+00:00
910439,910439,46.0678394,-118.3414031,2022-03-10 03:02:12.029000+00:00
910440,910440,46.0678392,-118.3414027,2022-03-10 03:02:42+00:00
910441,910441,46.0678392,-118.3414026,2022-03-10 03:02:43+00:00
910442,910442,46.0678391,-118.3414026,2022-03-10 03:02:47.109000+00:00
910443,910443,46.067839,-118.3414023,2022-03-10 03:03:13+00:00
910444,910444,46.067839,-118.3414021,2022-03-10 03:03:28+00:00
910445,910445,46.067839,-118.3414022,2022-03-10 03:03:43+00:00
910446,910446,46.067839,-118.3414021,2022-03-10 03:03:58+00:00
910447,910447,46.0678393,-118.3414017,2022-03-10 03:04:13+00:00
910448,910448,46.0678395,-118.3414012,2022-03-10 03:04:28+00:00
910449,910449,46.0678396,-118.3414007,2022-03-10 03:04:43+00:00
910450,910450,46.0678397,-118.3414007,2022-03-10 03:04:44+00:00
910451,910451,46.0678397,-118.3414007,2022-03-10 03:04:44.935000+00:00
910452,910452,46.0678395,-118.3414006,2022-03-10 03:05:04.999000+00:00
910453,910453,46.0678394,-118.3414004,2022-03-10 03:05:20+00:00
910454,910454,46.0678394,-118.3414005,2022-03-10 03:05:35+00:00
910455,910455,46.0678394,-118.3414004,2022-03-10 03:05:43+00:00
910456,910456,46.0678394,-118.3414005,2022-03-10 03:05:44+00:00
910457,910457,46.0678396,-118.3414002,2022-03-10 03:05:59+00:00
910458,910458,46.0678396,-118.3414002,2022-03-10 03:06:21+00:00
910459,910459,46.0678398,-118.3414003,2022-03-10 03:06:36+00:00
910460,910460,46.0678398,-118.3414002,2022-03-10 03:06:44+00:00
910461,910461,46.0678398,-118.3414002,2022-03-10 03:06:45+00:00
910462,910462,46.0678398,-118.3414001,2022-03-10 03:07:00+00:00
910463,910463,46.0678398,-118.3414001,2022-03-10 03:07:15+00:00
910464,910464,46.0678398,-118.3414001,2022-03-10 03:07:30+00:00
910465,910465,46.0678396,-118.3414001,2022-03-10 03:07:44+00:00
910466,910466,46.0678396,-118.3414001,2022-03-10 03:07:45+00:00
910467,910467,46.0678396,-118.3414001,2022-03-10 03:07:45.561000+00:00
910468,910468,46.0678396,-118.3414001,2022-03-10 03:08:01+00:00
910469,910469,46.0678396,-118.3414001,2022-03-10 03:08:05.682000+00:00
910470,910470,46.0678397,-118.3414001,2022-03-10 03:08:20.754000+00:00
910471,910471,46.0678402,-118.3413999,2022-03-10 03:08:35.754000+00:00
910472,910472,46.0678404,-118.3414001,2022-03-10 03:08:40.796000+00:00
910473,910473,46.0678404,-118.3414001,2022-03-10 03:08:45+00:00
910474,910474,46.0678404,-118.3414001,2022-03-10 03:08:45.970000+00:00
910475,910475,46.0678405,-118.3413999,2022-03-10 03:09:01+00:00
910476,910476,46.0678406,-118.3413998,2022-03-10 03:09:11.067000+00:00
910477,910477,46.0678407,-118.3413995,2022-03-10 03:09:31+00:00
910478,910478,46.0678407,-118.3413994,2022-03-10 03:09:45+00:00
910479,910479,46.0678407,-118.3413993,2022-03-10 03:09:45.980000+00:00
910480,910480,46.0678406,-118.3413987,2022-03-10 03:10:15+00:00
910481,910481,46.0678409,-118.3413987,2022-03-10 03:10:30+00:00
910482,910482,46.0678411,-118.341399,2022-03-10 03:10:41.122000+00:00
910483,910483,46.0678411,-118.3413989,2022-03-10 03:10:46+00:00
910484,910484,46.0678411,-118.3413989,2022-03-10 03:10:46.068000+00:00
910485,910485,46.0678411,-118.3413991,2022-03-10 03:11:02+00:00
910486,910486,46.067841,-118.3413989,2022-03-10 03:11:17+00:00
910487,910487,46.0678409,-118.3413986,2022-03-10 03:11:32+00:00
910488,910488,46.0678409,-118.3413985,2022-03-10 03:11:47+00:00
910489,910489,46.0678408,-118.3413984,2022-03-10 03:11:48+00:00
910490,910490,46.0678409,-118.3413985,2022-03-10 03:12:03+00:00
910491,910491,46.067841,-118.3413986,2022-03-10 03:12:18+00:00
910492,910492,46.067841,-118.3413986,2022-03-10 03:12:33+00:00
910493,910493,46.0678409,-118.3413984,2022-03-10 03:12:48+00:00
910494,910494,46.0678409,-118.3413984,2022-03-10 03:12:49+00:00
910495,910495,46.0678408,-118.3413984,2022-03-10 03:13:01.606000+00:00
910496,910496,46.0678409,-118.3413982,2022-03-10 03:13:18+00:00
910497,910497,46.067841,-118.341398,2022-03-10 03:13:33+00:00
910498,910498,46.067841,-118.3413978,2022-03-10 03:13:48+00:00
910499,910499,46.067841,-118.3413978,2022-03-10 03:13:49+00:00
910500,910500,46.067841,-118.3413978,2022-03-10 03:13:50+00:00
910501,910501,46.067841,-118.3413978,2022-03-10 03:13:51.771000+00:00
910502,910502,46.067841,-118.3413977,2022-03-10 03:14:19+00:00
910503,910503,46.0678411,-118.3413977,2022-03-10 03:14:34+00:00
910504,910504,46.0678411,-118.3413976,2022-03-10 03:14:49+00:00
910505,910505,46.0678411,-118.3413976,2022-03-10 03:14:50+00:00
910506,910506,46.0678411,-118.3413974,2022-03-10 03:15:15+00:00
910507,910507,46.0678413,-118.3413972,2022-03-10 03:15:30+00:00
910508,910508,46.0678415,-118.3413971,2022-03-10 03:15:45+00:00
910509,910509,46.0678414,-118.341397,2022-03-10 03:15:50+00:00
910510,910510,46.0678414,-118.341397,2022-03-10 03:15:51+00:00
910511,910511,46.0678415,-118.3413968,2022-03-10 03:16:20+00:00
910512,910512,46.0678414,-118.3413964,2022-03-10 03:16:35+00:00
910513,910513,46.0678414,-118.3413962,2022-03-10 03:16:50+00:00
910514,910514,46.0678414,-118.3413962,2022-03-10 03:16:51+00:00
910515,910515,46.0678414,-118.3413962,2022-03-10 03:16:59.705000+00:00
910516,910516,46.0678414,-118.341396,2022-03-10 03:17:25+00:00
910517,910517,46.0678415,-118.341396,2022-03-10 03:17:40+00:00
910518,910518,46.0678416,-118.341396,2022-03-10 03:17:51+00:00
910519,910519,46.0678416,-118.341396,2022-03-10 03:17:52+00:00
910520,910520,46.0678416,-118.341396,2022-03-10 03:17:54.747000+00:00
910521,910521,46.0678419,-118.3413959,2022-03-10 03:18:21+00:00
910522,910522,46.0678418,-118.3413959,2022-03-10 03:18:36+00:00
910523,910523,46.0678418,-118.3413957,2022-03-10 03:18:51+00:00
910524,910524,46.0678418,-118.3413957,2022-03-10 03:18:52+00:00
910525,910525,46.0678418,-118.3413958,2022-03-10 03:18:54.828000+00:00
910526,910526,46.0678418,-118.3413956,2022-03-10 03:19:09.873000+00:00
910527,910527,46.0678417,-118.3413952,2022-03-10 03:19:24.928000+00:00
910528,910528,46.0678416,-118.341395,2022-03-10 03:19:40+00:00
910529,910529,46.0678414,-118.3413946,2022-03-10 03:19:46.692000+00:00
910530,910530,46.0678414,-118.3413945,2022-03-10 03:19:47.517000+00:00
910531,910531,46.0654243,-118.34004,2022-03-10 03:28:58.796000+00:00
910532,910532,46.0677855,-118.3413178,2022-03-10 04:06:46.690000+00:00
910533,910533,46.0680157,-118.341573,2022-03-10 04:08:41.451000+00:00
910534,910534,46.0677766,-118.3411967,2022-03-10 04:09:41.460000+00:00
910535,910535,46.0678451,-118.3413813,2022-03-10 04:10:23.180000+00:00
910536,910536,46.0677375,-118.3411535,2022-03-10 04:11:01.452000+00:00
910537,910537,46.0677895,-118.3412425,2022-03-10 04:13:01.894000+00:00
910538,910538,46.0678291,-118.341371,2022-03-10 04:14:28.781000+00:00
910539,910539,46.0678044,-118.3412845,2022-03-10 04:15:28.882000+00:00
910540,910540,46.0680292,-118.341124,2022-03-10 04:17:29.259000+00:00
910541,910541,46.0679098,-118.3415205,2022-03-10 04:25:58.477000+00:00
910542,910542,46.0677989,-118.3413212,2022-03-10 05:07:08.892000+00:00
910543,910543,46.0677839,-118.341681,2022-03-10 06:11:49.127000+00:00
910544,910544,46.0677514,-118.3413993,2022-03-10 06:12:20.182000+00:00
910545,910545,46.0677325,-118.3411704,2022-03-10 06:14:09.438000+00:00
910546,910546,46.0678036,-118.3413086,2022-03-10 06:18:09.791000+00:00
910547,910547,46.0677975,-118.3413362,2022-03-10 06:19:09.459000+00:00
910548,910548,46.067785,-118.3412257,2022-03-10 06:21:09.855000+00:00
910549,910549,46.0680316,-118.341134,2022-03-10 06:22:09.505000+00:00
910550,910550,46.0678065,-118.3413222,2022-03-10 06:24:27.763000+00:00
910551,910551,46.0654243,-118.34004,2022-03-10 06:31:13.927000+00:00
910552,910552,46.0654243,-118.34004,2022-03-10 06:33:14.092000+00:00
910553,910553,46.0654243,-118.34004,2022-03-10 06:34:46.769000+00:00
910554,910554,46.0654243,-118.34004,2022-03-10 06:38:00.009000+00:00
910555,910555,46.0654243,-118.34004,2022-03-10 06:40:27.910000+00:00
910556,910556,46.0677472,-118.3414169,2022-03-10 06:44:54.316000+00:00
910557,910557,46.0677851,-118.341223,2022-03-10 06:48:59.579000+00:00
910558,910558,46.067795,-118.3412572,2022-03-10 06:57:45.659000+00:00
910559,910559,46.0678338,-118.3412788,2022-03-10 06:57:57.347000+00:00
910560,910560,46.0678098,-118.3413016,2022-03-10 07:10:39.621000+00:00
910561,910561,46.0678052,-118.3413507,2022-03-10 07:36:33.965000+00:00
910562,910562,46.0678152,-118.341343,2022-03-10 07:38:47.963000+00:00
910563,910563,46.0677795,-118.3413798,2022-03-10 07:39:47.692000+00:00
910564,910564,46.0677971,-118.3413125,2022-03-10 07:41:48.064000+00:00
910565,910565,46.0678073,-118.3413228,2022-03-10 07:42:47.774000+00:00
910566,910566,46.0677326,-118.3409488,2022-03-10 07:44:48.190000+00:00
910567,910567,46.0678085,-118.3412967,2022-03-10 07:45:47.606000+00:00
910568,910568,46.0678017,-118.3413046,2022-03-10 07:47:48.046000+00:00
910569,910569,46.0677905,-118.3412346,2022-03-10 07:48:47.731000+00:00
910570,910570,46.0688693,-118.3419651,2022-03-10 07:50:48.152000+00:00
910571,910571,46.0678038,-118.341349,2022-03-10 07:54:47.749000+00:00
910572,910572,46.0677517,-118.3414068,2022-03-10 07:56:48.220000+00:00
910573,910573,46.0677517,-118.3414068,2022-03-10 07:59:10.547000+00:00
910574,910574,46.0677517,-118.3414068,2022-03-10 08:04:40.536000+00:00
910575,910575,46.0677965,-118.3413301,2022-03-10 08:06:47.936000+00:00
910576,910576,46.0677965,-118.3413301,2022-03-10 08:09:10.692000+00:00
910577,910577,46.0677965,-118.3413301,2022-03-10 08:13:27.511000+00:00
910578,910578,46.0677965,-118.3413301,2022-03-10 08:17:59.514000+00:00
910579,910579,46.0677965,-118.3413301,2022-03-10 08:21:16.814000+00:00
910580,910580,46.0678015,-118.3413219,2022-03-10 08:26:46.541000+00:00
910581,910581,46.0678015,-118.3412207,2022-03-10 08:31:01.465000+00:00
910582,910582,46.0678015,-118.3412207,2022-03-10 08:35:33.461000+00:00
910583,910583,46.0677326,-118.3409488,2022-03-10 08:36:48.321000+00:00
910584,910584,46.0677326,-118.3409488,2022-03-10 08:39:38.476000+00:00
910585,910585,46.0677326,-118.3409488,2022-03-10 08:44:35.453000+00:00
910586,910586,46.0677326,-118.3409488,2022-03-10 08:49:05.496000+00:00
910587,910587,46.0677972,-118.3413346,2022-03-10 08:57:51.449000+00:00
910588,910588,46.0677972,-118.3413346,2022-03-10 09:00:00.463000+00:00
910589,910589,46.0677972,-118.3413346,2022-03-10 09:02:07.455000+00:00
910590,910590,46.0677972,-118.3413346,2022-03-10 09:04:52.450000+00:00
910591,910591,46.0677816,-118.3412222,2022-03-10 09:06:41.148000+00:00
910592,910592,46.0677816,-118.3412222,2022-03-10 09:10:53.441000+00:00
910593,910593,46.0677816,-118.3412222,2022-03-10 09:15:23.472000+00:00
910594,910594,46.0677972,-118.3413346,2022-03-10 09:15:48.602000+00:00
910595,910595,46.0677972,-118.3413346,2022-03-10 09:19:54.507000+00:00
910596,910596,46.0677972,-118.3413346,2022-03-10 09:24:25.457000+00:00
910597,910597,46.0677502,-118.3414078,2022-03-10 09:29:59.506000+00:00
910598,910598,46.0677502,-118.3414078,2022-03-10 09:33:10.769000+00:00
910599,910599,46.0678021,-118.3413137,2022-03-10 10:25:43.414000+00:00
910600,910600,46.067759,-118.3413673,2022-03-10 10:31:14.480000+00:00
910601,910601,46.0677455,-118.3413675,2022-03-10 10:32:27.075000+00:00
910602,910602,46.0677938,-118.341333,2022-03-10 10:34:27.501000+00:00
910603,910603,46.067812,-118.3413046,2022-03-10 10:37:07.774000+00:00
910604,910604,46.0677933,-118.3413297,2022-03-10 10:38:07.833000+00:00
910605,910605,46.0677933,-118.3413297,2022-03-10 10:40:08.199000+00:00
910606,910606,46.0679247,-118.341398,2022-03-10 10:41:07.895000+00:00
910607,910607,46.0677233,-118.3411026,2022-03-10 11:12:08.511000+00:00
910608,910608,46.0678026,-118.3413168,2022-03-10 11:47:09.521000+00:00
910609,910609,46.067788,-118.3413903,2022-03-10 12:22:09.462000+00:00
910610,910610,46.0677969,-118.341333,2022-03-10 12:57:10.360000+00:00
910611,910611,46.0677572,-118.3414105,2022-03-10 13:32:12.415000+00:00
910612,910612,46.067798,-118.3412777,2022-03-10 14:07:12.334000+00:00
910613,910613,46.0654243,-118.34004,2022-03-10 14:22:32.906000+00:00
910614,910614,46.0677962,-118.3413292,2022-03-10 14:25:15.191000+00:00
910615,910615,46.0678563,-118.3412834,2022-03-10 14:28:25.053000+00:00
910616,910616,46.0678116,-118.3413262,2022-03-10 14:29:04.642000+00:00
910617,910617,46.0677862,-118.3413322,2022-03-10 14:33:44.963000+00:00
910618,910618,46.0678052,-118.3413398,2022-03-10 14:34:24.639000+00:00
910619,910619,46.0679053,-118.341039,2022-03-10 14:36:25.032000+00:00
910620,910620,46.0680316,-118.341134,2022-03-10 14:37:04.638000+00:00
910621,910621,46.0678116,-118.3412994,2022-03-10 14:39:05.114000+00:00
910622,910622,46.0678121,-118.3413143,2022-03-10 14:39:44.728000+00:00
910623,910623,46.0678052,-118.3413187,2022-03-10 14:41:45.156000+00:00
910624,910624,46.0678028,-118.3413485,2022-03-10 14:42:24.801000+00:00
910625,910625,46.0677825,-118.3412191,2022-03-10 14:44:25.101000+00:00
910626,910626,46.0677969,-118.3413276,2022-03-10 14:45:04.768000+00:00
910627,910627,46.0677949,-118.3413516,2022-03-10 14:47:05.190000+00:00
910628,910628,46.0677965,-118.3413289,2022-03-10 14:48:12.367000+00:00
910629,910629,46.0677987,-118.3413357,2022-03-10 14:49:12.438000+00:00
910630,910630,46.0677962,-118.3413255,2022-03-10 14:50:13.033000+00:00
910631,910631,46.0679059,-118.3411878,2022-03-10 14:54:56+00:00
910632,910632,46.0677611,-118.3413535,2022-03-10 14:55:56.148000+00:00
910633,910633,46.0676795,-118.341461,2022-03-10 14:56:40.810000+00:00
910634,910634,46.067703,-118.3415156,2022-03-10 14:57:12.375000+00:00
910635,910635,46.0668219,-118.3414688,2022-03-10 14:57:45.184000+00:00
910636,910636,46.0665583,-118.3438185,2022-03-10 14:58:45.390000+00:00
910637,910637,46.0656096,-118.3456477,2022-03-10 14:59:45.212000+00:00
910638,910638,46.0629359,-118.3501257,2022-03-10 15:01:45.713000+00:00
910639,910639,46.0629986,-118.351205,2022-03-10 15:02:45.387000+00:00
910640,910640,46.0612821,-118.3525214,2022-03-10 15:04:17.320000+00:00
910641,910641,46.0608359,-118.351581,2022-03-10 15:04:57.395000+00:00
910642,910642,46.0608359,-118.351581,2022-03-10 15:05:56.280000+00:00
910643,910643,46.0636144,-118.349371,2022-03-10 15:12:29.275000+00:00
910644,910644,46.0676841,-118.3410859,2022-03-10 15:18:56.546000+00:00
910645,910645,46.0625693,-118.3342534,2022-03-10 15:28:30.327000+00:00
910646,910646,46.0678108,-118.3413014,2022-03-10 15:30:31.070000+00:00
910647,910647,46.067797,-118.3413144,2022-03-10 15:34:03.583000+00:00
910648,910648,46.0677966,-118.341328,2022-03-10 15:34:41.180000+00:00
910649,910649,46.0676176,-118.3407679,2022-03-10 15:35:16.406000+00:00
910650,910650,46.0676344,-118.3408342,2022-03-10 15:35:49.969000+00:00
910651,910651,46.0678061,-118.3411092,2022-03-10 15:36:22.009000+00:00
910652,910652,46.0676702,-118.3406552,2022-03-10 15:36:53.683000+00:00
910653,910653,46.0678332,-118.3405176,2022-03-10 15:37:30.097000+00:00
910654,910654,46.0678916,-118.3405223,2022-03-10 15:38:21.993000+00:00
910655,910655,46.068158,-118.3401932,2022-03-10 15:39:22.057000+00:00
910656,910656,46.0678594,-118.3405519,2022-03-10 15:40:22.128000+00:00
910657,910657,46.0679388,-118.3405583,2022-03-10 15:41:22.273000+00:00
910658,910658,46.0677839,-118.3405576,2022-03-10 15:42:16.746000+00:00
910659,910659,46.0679371,-118.3405606,2022-03-10 15:43:16.853000+00:00
910660,910660,46.0678698,-118.3405495,2022-03-10 15:44:16.736000+00:00
910661,910661,46.0677937,-118.3405397,2022-03-10 15:46:17.159000+00:00
910662,910662,46.0677908,-118.3405154,2022-03-10 15:47:16.839000+00:00
910663,910663,46.0679119,-118.3405761,2022-03-10 15:48:18.204000+00:00
910664,910664,46.067675,-118.3405607,2022-03-10 15:48:53.345000+00:00
910665,910665,46.0678249,-118.3408489,2022-03-10 15:49:23.682000+00:00
910666,910666,46.0676413,-118.3404164,2022-03-10 15:50:52.721000+00:00
910667,910667,46.067728,-118.3408424,2022-03-10 15:51:30.081000+00:00
910668,910668,46.0677576,-118.3413997,2022-03-10 15:52:06.521000+00:00
910669,910669,46.0677789,-118.3413572,2022-03-10 15:52:38.177000+00:00
910670,910670,46.0677332,-118.3414531,2022-03-10 15:53:10.147000+00:00
910671,910671,46.0677417,-118.3412066,2022-03-10 15:54:56.445000+00:00
910672,910672,46.0677912,-118.341327,2022-03-10 15:55:52.898000+00:00
910673,910673,46.0677912,-118.341327,2022-03-10 15:58:02.678000+00:00
910674,910674,46.067727,-118.3412064,2022-03-10 16:04:37.334000+00:00
910675,910675,46.0677884,-118.3413496,2022-03-10 16:06:12.080000+00:00
910676,910676,46.0677854,-118.3412261,2022-03-10 16:12:16.837000+00:00
910677,910677,46.0677854,-118.3412261,2022-03-10 16:19:01.887000+00:00
910678,910678,46.0677979,-118.3413422,2022-03-10 16:19:01.937000+00:00
910679,910679,46.0677979,-118.3413422,2022-03-10 16:24:11.593000+00:00
910680,910680,46.0673149,-118.3382547,2022-03-10 16:33:48.303000+00:00
910681,910681,46.0674545,-118.3379973,2022-03-10 16:34:04+00:00
910682,910682,46.0675819,-118.3379305,2022-03-10 16:34:20+00:00
910683,910683,46.0677114,-118.3378071,2022-03-10 16:34:36+00:00
910684,910684,46.0678512,-118.3377262,2022-03-10 16:34:52+00:00
910685,910685,46.0679865,-118.3376402,2022-03-10 16:35:08+00:00
910686,910686,46.0680014,-118.3375891,2022-03-10 16:35:24+00:00
910687,910687,46.068124,-118.3373976,2022-03-10 16:35:43+00:00
910688,910688,46.0682782,-118.3372673,2022-03-10 16:35:58+00:00
910689,910689,46.0684253,-118.3371558,2022-03-10 16:36:13+00:00
910690,910690,46.0686239,-118.3370172,2022-03-10 16:36:33+00:00
910691,910691,46.0687653,-118.3368661,2022-03-10 16:36:49+00:00
910692,910692,46.0689406,-118.3364179,2022-03-10 16:37:15+00:00
910693,910693,46.0688384,-118.3362143,2022-03-10 16:37:30+00:00
910694,910694,46.068945,-118.3360327,2022-03-10 16:37:46+00:00
910695,910695,46.0691167,-118.3358432,2022-03-10 16:38:06+00:00
910696,910696,46.0692016,-118.3356901,2022-03-10 16:38:21+00:00
910697,910697,46.0693765,-118.3355297,2022-03-10 16:38:37+00:00
910698,910698,46.0723913,-118.3291425,2022-03-10 16:48:20.349000+00:00
910699,910699,46.0720993,-118.3302141,2022-03-10 16:54:33.324000+00:00
910700,910700,46.0727178,-118.3289422,2022-03-10 17:01:52.997000+00:00
910701,910701,46.0727433,-118.3290067,2022-03-10 17:08:12.405000+00:00
910702,910702,46.0721935,-118.328632,2022-03-10 17:12:11+00:00
910703,910703,46.0727366,-118.3289729,2022-03-10 17:15:27.335000+00:00
910704,910704,46.0727366,-118.3289729,2022-03-10 17:24:13.253000+00:00
910705,910705,46.0727402,-118.328994,2022-03-10 17:31:53.223000+00:00
910706,910706,46.072744,-118.3290006,2022-03-10 17:32:58.449000+00:00
910707,910707,46.072744,-118.3290006,2022-03-10 17:43:20.208000+00:00
910708,910708,46.0727457,-118.3289891,2022-03-10 18:02:56.749000+00:00
910709,910709,46.0724639,-118.3288286,2022-03-10 18:05:02+00:00
910710,910710,46.0720608,-118.3274179,2022-03-10 18:08:56.226000+00:00
910711,910711,46.0700529,-118.3284648,2022-03-10 18:15:06.332000+00:00
910712,910712,46.0694898,-118.3285498,2022-03-10 18:21:19.231000+00:00
910713,910713,46.0688514,-118.3281321,2022-03-10 18:23:25+00:00
910714,910714,46.0691226,-118.3304098,2022-03-10 18:26:44.267000+00:00
910715,910715,46.069784,-118.3314165,2022-03-10 18:33:31.372000+00:00
910716,910716,46.0700093,-118.3311419,2022-03-10 18:39:42.674000+00:00
910717,910717,46.0716241,-118.3296573,2022-03-10 18:46:30.252000+00:00
910718,910718,46.0727973,-118.3294721,2022-03-10 18:53:17.139000+00:00
910719,910719,46.0727397,-118.3289815,2022-03-10 18:59:50.367000+00:00
910720,910720,46.0720776,-118.330223,2022-03-10 19:06:38.151000+00:00
910721,910721,46.0720776,-118.330223,2022-03-10 19:11:38.766000+00:00
910722,910722,46.072072,-118.3302331,2022-03-10 19:13:23.410000+00:00
910723,910723,46.072072,-118.3302331,2022-03-10 19:18:44.109000+00:00
910724,910724,46.0720724,-118.3302412,2022-03-10 19:19:04.688000+00:00
910725,910725,46.0727436,-118.329006,2022-03-10 19:25:50.774000+00:00
910726,910726,46.0727431,-118.3289921,2022-03-10 19:32:37.268000+00:00
910727,910727,46.07275,-118.3290055,2022-03-10 19:39:25.256000+00:00
910728,910728,46.0727448,-118.3290074,2022-03-10 19:48:11.174000+00:00
910729,910729,46.0727448,-118.3290074,2022-03-10 19:58:42.123000+00:00
910730,910730,46.0727476,-118.3289891,2022-03-10 20:05:50.795000+00:00
910731,910731,46.0727352,-118.3289761,2022-03-10 20:12:02.139000+00:00
910732,910732,46.0727973,-118.3294721,2022-03-10 20:22:34.085000+00:00
910733,910733,46.0727169,-118.3289513,2022-03-10 20:33:04.059000+00:00
910734,910734,46.0727369,-118.3289735,2022-03-10 20:43:35.076000+00:00
910735,910735,46.0727257,-118.3289368,2022-03-10 20:53:36.376000+00:00
910736,910736,46.0727328,-118.3289546,2022-03-10 20:54:06.125000+00:00
910737,910737,46.0727427,-118.3289861,2022-03-10 21:00:59.998000+00:00
910738,910738,46.0727467,-118.3290109,2022-03-10 21:07:01.083000+00:00
910739,910739,46.0727466,-118.3290105,2022-03-10 21:14:37.094000+00:00
910740,910740,46.0727464,-118.3290049,2022-03-10 21:23:23.160000+00:00
910741,910741,46.0727464,-118.3290049,2022-03-10 21:32:09.082000+00:00
910742,910742,46.0727445,-118.3290073,2022-03-10 21:42:14.013000+00:00
910743,910743,46.0727455,-118.328966,2022-03-10 22:08:03.555000+00:00
910744,910744,46.0727367,-118.3289831,2022-03-10 22:14:04.133000+00:00
910745,910745,46.0727361,-118.3289781,2022-03-10 22:21:39.149000+00:00
910746,910746,46.0727337,-118.3289842,2022-03-10 22:28:11.136000+00:00
910747,910747,46.0727337,-118.3289842,2022-03-10 22:34:29.056000+00:00
910748,910748,46.0727383,-118.3289662,2022-03-10 22:41:56.053000+00:00
910749,910749,46.0727386,-118.3289802,2022-03-10 22:45:01.112000+00:00
910750,910750,46.0727396,-118.3289776,2022-03-10 22:49:27.106000+00:00
910751,910751,46.0727973,-118.3294721,2022-03-10 22:55:57.353000+00:00
910752,910752,46.0720688,-118.3302375,2022-03-10 23:01:57.124000+00:00
910753,910753,46.0720748,-118.3302305,2022-03-10 23:09:31.868000+00:00
910754,910754,46.0720676,-118.3302407,2022-03-10 23:15:33.364000+00:00
910755,910755,46.072081,-118.3302118,2022-03-10 23:22:33.044000+00:00
910756,910756,46.072081,-118.3302118,2022-03-10 23:31:19.004000+00:00
910757,910757,46.0720788,-118.3302383,2022-03-10 23:35:56.693000+00:00
910758,910758,46.0724604,-118.3293911,2022-03-10 23:41:35.035000+00:00
910759,910759,46.0724604,-118.3293911,2022-03-10 23:46:35.568000+00:00
910760,910760,46.0724675,-118.32937,2022-03-10 23:46:56.155000+00:00
910761,910761,46.0724675,-118.32937,2022-03-10 23:51:57.950000+00:00
910762,910762,46.0724669,-118.3293715,2022-03-10 23:53:31.006000+00:00
910763,910763,46.0724669,-118.3293715,2022-03-10 23:59:31.945000+00:00
910764,910764,46.0724598,-118.3293833,2022-03-11 00:07:03.948000+00:00
910765,910765,46.0724596,-118.3293852,2022-03-11 00:15:19.935000+00:00
910766,910766,46.0724599,-118.3293846,2022-03-11 00:22:52.935000+00:00
910767,910767,46.0724668,-118.3293709,2022-03-11 00:29:02.916000+00:00
910768,910768,46.0724591,-118.3293795,2022-03-11 00:30:43.999000+00:00
910769,910769,46.0724591,-118.3293795,2022-03-11 00:40:33.928000+00:00
910770,910770,46.0724584,-118.3293852,2022-03-11 00:41:15.004000+00:00
910771,910771,46.0724584,-118.3293852,2022-03-11 00:50:09.778000+00:00
910772,910772,46.0724666,-118.3293706,2022-03-11 00:51:45.981000+00:00
910773,910773,46.0724595,-118.3293858,2022-03-11 00:54:03.009000+00:00
910774,910774,46.0720886,-118.3301968,2022-03-11 01:10:16.002000+00:00
910775,910775,46.07208,-118.3302253,2022-03-11 01:13:00.829000+00:00
910776,910776,46.0720774,-118.3302298,2022-03-11 01:13:30.974000+00:00
910777,910777,46.0720924,-118.330214,2022-03-11 01:14:23.976000+00:00
910778,910778,46.0720803,-118.3302324,2022-03-11 01:21:15.370000+00:00
910779,910779,46.0720853,-118.3302123,2022-03-11 01:28:02.072000+00:00
910780,910780,46.0721956,-118.3301934,2022-03-11 01:34:49.916000+00:00
910781,910781,46.0699168,-118.3329699,2022-03-11 01:41:37.937000+00:00
910782,910782,46.066876,-118.3391124,2022-03-11 01:51:49.966000+00:00
910783,910783,46.0661232,-118.3411781,2022-03-11 01:55:19+00:00
910784,910784,46.0660503,-118.3413637,2022-03-11 01:55:34+00:00
910785,910785,46.0659745,-118.3416117,2022-03-11 01:55:49+00:00
910786,910786,46.0658879,-118.3418294,2022-03-11 01:56:05+00:00
910787,910787,46.065786,-118.3420998,2022-03-11 01:56:23+00:00
910788,910788,46.0656627,-118.3423568,2022-03-11 01:56:39+00:00
910789,910789,46.0655726,-118.342569,2022-03-11 01:56:54+00:00
910790,910790,46.0654689,-118.3428335,2022-03-11 01:57:13+00:00
910791,910791,46.0653919,-118.343063,2022-03-11 01:57:29+00:00
910792,910792,46.0653064,-118.3432684,2022-03-11 01:57:44+00:00
910793,910793,46.0652763,-118.3433513,2022-03-11 01:58:04+00:00
910794,910794,46.0651862,-118.3435848,2022-03-11 01:58:19+00:00
910795,910795,46.065111,-118.3437992,2022-03-11 01:58:34+00:00
910796,910796,46.0650021,-118.344088,2022-03-11 01:58:54+00:00
910797,910797,46.0649262,-118.34431,2022-03-11 01:59:09+00:00
910798,910798,46.0648412,-118.3445289,2022-03-11 01:59:25+00:00
910799,910799,46.0649673,-118.344537,2022-03-11 01:59:44+00:00
910800,910800,46.0650281,-118.3445842,2022-03-11 01:59:59+00:00
910801,910801,46.0649666,-118.3444584,2022-03-11 02:00:15+00:00
910802,910802,46.064906,-118.3444914,2022-03-11 02:01:35.371000+00:00
910803,910803,46.0649097,-118.3445148,2022-03-11 02:01:51.683000+00:00
910804,910804,46.0649149,-118.3444816,2022-03-11 02:02:31.685000+00:00
910805,910805,46.0649055,-118.3444913,2022-03-11 02:07:02.740000+00:00
910806,910806,46.0649075,-118.3444834,2022-03-11 02:07:23.501000+00:00
910807,910807,46.0649071,-118.3444876,2022-03-11 02:08:21.418000+00:00
910808,910808,46.0649081,-118.3444843,2022-03-11 02:08:37.627000+00:00
910809,910809,46.0649122,-118.3444716,2022-03-11 02:08:52.645000+00:00
910810,910810,46.0649175,-118.3444993,2022-03-11 02:10:06.798000+00:00
910811,910811,46.0649115,-118.3444977,2022-03-11 02:13:24.356000+00:00
910812,910812,46.0649172,-118.3444833,2022-03-11 02:13:41.479000+00:00
910813,910813,46.0649107,-118.3444912,2022-03-11 02:14:47.747000+00:00
910814,910814,46.0649185,-118.3444972,2022-03-11 02:15:47.740000+00:00
910815,910815,46.064901,-118.3444428,2022-03-11 02:17:20.556000+00:00
910816,910816,46.0649171,-118.344499,2022-03-11 02:18:47.744000+00:00
910817,910817,46.0648813,-118.3445005,2022-03-11 02:20:48.068000+00:00
910818,910818,46.0649003,-118.3445024,2022-03-11 02:21:47.774000+00:00
910819,910819,46.0649062,-118.34449,2022-03-11 02:23:48.134000+00:00
910820,910820,46.0648969,-118.3444493,2022-03-11 02:24:47.815000+00:00
910821,910821,46.0649033,-118.3444724,2022-03-11 02:28:18.107000+00:00
910822,910822,46.0649078,-118.344489,2022-03-11 02:28:36.283000+00:00
910823,910823,46.0649078,-118.344489,2022-03-11 02:31:00.877000+00:00
910824,910824,46.0649078,-118.344489,2022-03-11 02:33:05.812000+00:00
910825,910825,46.0649078,-118.344489,2022-03-11 02:35:54.880000+00:00
910826,910826,46.0649078,-118.344489,2022-03-11 02:38:55.724000+00:00
910827,910827,46.06491,-118.3444556,2022-03-11 02:40:00.737000+00:00
910828,910828,46.06491,-118.3444556,2022-03-11 02:43:10.913000+00:00
910829,910829,46.06491,-118.3444556,2022-03-11 02:46:35.165000+00:00
910830,910830,46.0649042,-118.3444916,2022-03-11 02:49:54.803000+00:00
910831,910831,46.0649042,-118.3444916,2022-03-11 02:53:41.880000+00:00
910832,910832,46.0649042,-118.3444916,2022-03-11 02:56:13.901000+00:00
910833,910833,46.0649029,-118.3444676,2022-03-11 02:56:59.939000+00:00
910834,910834,46.0649029,-118.3444676,2022-03-11 03:00:00.902000+00:00
910835,910835,46.0649029,-118.3444676,2022-03-11 03:04:38.893000+00:00
910836,910836,46.0649029,-118.3444676,2022-03-11 03:06:57.657000+00:00
910837,910837,46.064905,-118.3444829,2022-03-11 03:07:06.063000+00:00
910838,910838,46.0649177,-118.3445063,2022-03-11 03:23:46.453000+00:00
910839,910839,46.064912,-118.3444914,2022-03-11 03:33:32.263000+00:00
910840,910840,46.0649033,-118.3445222,2022-03-11 03:34:11.361000+00:00
910841,910841,46.0649896,-118.3440989,2022-03-11 03:34:43.342000+00:00
910842,910842,46.0653101,-118.3429095,2022-03-11 03:35:49.009000+00:00
910843,910843,46.0655276,-118.3417669,2022-03-11 03:37:49.518000+00:00
910844,910844,46.0659688,-118.341603,2022-03-11 03:38:22.097000+00:00
910845,910845,46.066489,-118.3404804,2022-03-11 03:39:33.599000+00:00
910846,910846,46.0663791,-118.3398996,2022-03-11 03:40:13.831000+00:00
910847,910847,46.0670299,-118.3394029,2022-03-11 03:41:13.697000+00:00
910848,910848,46.0673533,-118.3399008,2022-03-11 03:42:13.731000+00:00
910849,910849,46.067659,-118.3402087,2022-03-11 03:43:13.761000+00:00
910850,910850,46.0677165,-118.3403888,2022-03-11 03:43:53.059000+00:00
910851,910851,46.067555,-118.3404896,2022-03-11 03:44:18.653000+00:00
910852,910852,46.0677405,-118.3409046,2022-03-11 03:44:56.845000+00:00
910853,910853,46.0677989,-118.3411296,2022-03-11 03:45:29.020000+00:00
910854,910854,46.0677967,-118.3413156,2022-03-11 03:46:00.807000+00:00
910855,910855,46.0676978,-118.3414678,2022-03-11 03:46:32.653000+00:00
910856,910856,46.0676522,-118.3413316,2022-03-11 03:47:04.708000+00:00
910857,910857,46.0677397,-118.3409527,2022-03-11 03:47:36.282000+00:00
910858,910858,46.0677881,-118.3413422,2022-03-11 03:48:07.503000+00:00
910859,910859,46.0677967,-118.3413369,2022-03-11 03:48:39.695000+00:00
910860,910860,46.0677996,-118.3413256,2022-03-11 03:49:13.533000+00:00
910861,910861,46.0677546,-118.3413556,2022-03-11 03:50:02.085000+00:00
910862,910862,46.0677977,-118.3413105,2022-03-11 03:50:47.266000+00:00
910863,910863,46.0677891,-118.3413273,2022-03-11 03:51:47.295000+00:00
910864,910864,46.0677967,-118.3413369,2022-03-11 03:52:46.378000+00:00
910865,910865,46.0677795,-118.3413426,2022-03-11 03:53:53.657000+00:00
910866,910866,46.0677929,-118.3413302,2022-03-11 03:56:34.824000+00:00
910867,910867,46.0677956,-118.3413308,2022-03-11 03:57:11.192000+00:00
910868,910868,46.0677956,-118.3413308,2022-03-11 03:57:44.764000+00:00
910869,910869,46.0678086,-118.3412886,2022-03-11 03:57:45.118000+00:00
910870,910870,46.0625693,-118.3342534,2022-03-11 04:08:51.336000+00:00
910871,910871,46.0678505,-118.3413267,2022-03-11 04:11:22.602000+00:00
910872,910872,46.0677927,-118.3413358,2022-03-11 04:15:56.271000+00:00
910873,910873,46.0677967,-118.3413369,2022-03-11 04:16:33.928000+00:00
910874,910874,46.0677893,-118.3413856,2022-03-11 04:17:05.594000+00:00
910875,910875,46.0677967,-118.3413369,2022-03-11 04:17:42.910000+00:00
910876,910876,46.0677974,-118.341317,2022-03-11 04:19:51.259000+00:00
910877,910877,46.0677825,-118.341223,2022-03-11 04:21:51.978000+00:00
910878,910878,46.0678092,-118.3413279,2022-03-11 04:22:31.278000+00:00
910879,910879,46.067765,-118.3412873,2022-03-11 04:24:47.806000+00:00
910880,910880,46.067765,-118.3412873,2022-03-11 04:26:03.840000+00:00
910881,910881,46.0677833,-118.3413097,2022-03-11 04:27:13.693000+00:00
910882,910882,46.0677905,-118.3413909,2022-03-11 04:27:51.388000+00:00
910883,910883,46.0678073,-118.3412802,2022-03-11 04:29:51.730000+00:00
910884,910884,46.0677801,-118.3413844,2022-03-11 04:30:31.349000+00:00
910885,910885,46.0677974,-118.3413373,2022-03-11 04:32:31.741000+00:00
910886,910886,46.0677852,-118.3413781,2022-03-11 04:33:11.391000+00:00
910887,910887,46.0689203,-118.3422836,2022-03-11 04:35:11.850000+00:00
910888,910888,46.0689203,-118.3422836,2022-03-11 04:35:51.419000+00:00
910889,910889,46.0678113,-118.3413212,2022-03-11 04:41:09.020000+00:00
910890,910890,46.0677596,-118.3412921,2022-03-11 04:46:19.530000+00:00
910891,910891,46.0677003,-118.3415382,2022-03-11 04:52:54.078000+00:00
910892,910892,46.0678223,-118.3413184,2022-03-11 04:59:27.042000+00:00
910893,910893,46.0677918,-118.3413407,2022-03-11 05:05:27.828000+00:00
910894,910894,46.0678042,-118.3413551,2022-03-11 05:06:15.073000+00:00
910895,910895,46.0677751,-118.3413817,2022-03-11 05:46:27.827000+00:00
910896,910896,46.0678522,-118.3412889,2022-03-11 06:22:29.771000+00:00
910897,910897,46.0677964,-118.3413285,2022-03-11 07:19:39.715000+00:00
910898,910898,46.0678134,-118.3413528,2022-03-11 07:22:40.871000+00:00
910899,910899,46.0678338,-118.3415061,2022-03-11 07:22:41.453000+00:00
910900,910900,46.0680029,-118.3413868,2022-03-11 07:22:53+00:00
910901,910901,46.0678171,-118.3413223,2022-03-11 08:22:53.851000+00:00
910902,910902,46.0678017,-118.3413397,2022-03-11 10:01:16.799000+00:00
910903,910903,46.0689218,-118.3422692,2022-03-11 10:01:54.771000+00:00
910904,910904,46.0678374,-118.3412685,2022-03-11 10:02:59.754000+00:00
910905,910905,46.0677502,-118.3414078,2022-03-11 10:03:59.726000+00:00
910906,910906,46.0677961,-118.3413747,2022-03-11 10:04:45.410000+00:00
910907,910907,46.0677528,-118.3415593,2022-03-11 10:05:45.355000+00:00
910908,910908,46.0694367,-118.3402273,2022-03-11 10:07:13.778000+00:00
910909,910909,46.0684652,-118.3408,2022-03-11 10:08:13.796000+00:00
910910,910910,46.0679466,-118.3428822,2022-03-11 10:10:14.121000+00:00
910911,910911,46.0677816,-118.341201,2022-03-11 10:11:13.841000+00:00
910912,910912,46.0677816,-118.341201,2022-03-11 10:14:43.628000+00:00
910913,910913,46.0678042,-118.3413995,2022-03-11 10:15:19.782000+00:00
910914,910914,46.0678216,-118.34134,2022-03-11 10:48:51.795000+00:00
910915,910915,46.0678016,-118.3413491,2022-03-11 11:39:24.629000+00:00
910916,910916,46.0678018,-118.3413473,2022-03-11 11:39:27.634000+00:00
910917,910917,46.0677772,-118.3413321,2022-03-11 11:43:03.759000+00:00
910918,910918,46.0679265,-118.3413817,2022-03-11 11:43:18+00:00
910919,910919,46.0640983,-118.3449601,2022-03-11 14:00:39.082000+00:00
910920,910920,46.0680448,-118.3414332,2022-03-11 14:09:59+00:00
910921,910921,46.0677934,-118.3413183,2022-03-11 14:45:15.655000+00:00
910922,910922,46.0663376,-118.3378502,2022-03-11 14:53:13.742000+00:00
910923,910923,46.0676556,-118.3409676,2022-03-11 14:53:50.005000+00:00
910924,910924,46.0677498,-118.3414379,2022-03-11 14:54:25.620000+00:00
910925,910925,46.0677147,-118.3408064,2022-03-11 14:55:02.085000+00:00
910926,910926,46.0676849,-118.3405683,2022-03-11 14:55:33.780000+00:00
910927,910927,46.0679164,-118.3405514,2022-03-11 14:56:19.446000+00:00
910928,910928,46.0679102,-118.3405524,2022-03-11 14:56:50.880000+00:00
910929,910929,46.0677142,-118.3408769,2022-03-11 14:57:25.763000+00:00
910930,910930,46.0676572,-118.3406476,2022-03-11 14:58:37.311000+00:00
910931,910931,46.0677291,-118.3408607,2022-03-11 14:59:10.021000+00:00
910932,910932,46.0676507,-118.3406434,2022-03-11 14:59:41.369000+00:00
910933,910933,46.0677145,-118.3408739,2022-03-11 15:00:14.394000+00:00
910934,910934,46.0677392,-118.3408653,2022-03-11 15:00:45.910000+00:00
910935,910935,46.0677859,-118.3405349,2022-03-11 15:01:18.325000+00:00
910936,910936,46.0681737,-118.3402863,2022-03-11 15:01:51.413000+00:00
910937,910937,46.0677307,-118.3405574,2022-03-11 15:02:31.433000+00:00
910938,910938,46.0679242,-118.3405409,2022-03-11 15:03:51.420000+00:00
910939,910939,46.0663376,-118.3378502,2022-03-11 15:08:35.718000+00:00
910940,910940,46.0679031,-118.3405593,2022-03-11 15:09:51.598000+00:00
910941,910941,46.067892,-118.340547,2022-03-11 15:16:35.418000+00:00
910942,910942,46.0676519,-118.3406445,2022-03-11 15:17:06.432000+00:00
910943,910943,46.0677245,-118.3408458,2022-03-11 15:17:51.783000+00:00
910944,910944,46.0680493,-118.3411131,2022-03-11 15:19:31.310000+00:00
910945,910945,46.0676956,-118.3414653,2022-03-11 15:20:07.582000+00:00
910946,910946,46.0677458,-118.3412077,2022-03-11 15:20:39.134000+00:00
910947,910947,46.0677472,-118.3414169,2022-03-11 15:21:15.690000+00:00
910948,910948,46.0678037,-118.3412834,2022-03-11 15:23:16.670000+00:00
910949,910949,46.0680406,-118.341139,2022-03-11 15:24:16.697000+00:00
910950,910950,46.0677952,-118.3413351,2022-03-11 15:26:17.104000+00:00
910951,910951,46.0677604,-118.3414104,2022-03-11 15:27:16.775000+00:00
910952,910952,46.0677778,-118.3413763,2022-03-11 15:33:29.891000+00:00
910953,910953,46.0677572,-118.3414038,2022-03-11 15:34:12.460000+00:00
910954,910954,46.0678023,-118.341317,2022-03-11 15:35:14.678000+00:00
910955,910955,46.0677431,-118.3415369,2022-03-11 15:36:14.696000+00:00
910956,910956,46.0675784,-118.3426961,2022-03-11 15:38:15.107000+00:00
910957,910957,46.0677513,-118.3421617,2022-03-11 15:39:14.769000+00:00
910958,910958,46.0677703,-118.3414569,2022-03-11 15:41:15.132000+00:00
910959,910959,46.0677188,-118.341613,2022-03-11 15:42:14.743000+00:00
910960,910960,46.0677826,-118.3414017,2022-03-11 15:43:43.216000+00:00
910961,910961,46.0677646,-118.3414715,2022-03-11 15:45:14.790000+00:00
910962,910962,46.0675746,-118.3426946,2022-03-11 15:47:15.120000+00:00
910963,910963,46.0677719,-118.3414522,2022-03-11 15:48:14.809000+00:00
910964,910964,46.0679453,-118.3424481,2022-03-11 15:50:15.227000+00:00
910965,910965,46.0680384,-118.3411394,2022-03-11 15:51:14.801000+00:00
910966,910966,46.0678016,-118.3413191,2022-03-11 15:53:15.182000+00:00
910967,910967,46.067786,-118.3411808,2022-03-11 15:54:14.924000+00:00
910968,910968,46.0654243,-118.34004,2022-03-11 16:02:44.862000+00:00
910969,910969,46.0677157,-118.3415106,2022-03-11 16:29:44.880000+00:00
910970,910970,46.0677113,-118.3414722,2022-03-11 16:30:22.299000+00:00
910971,910971,46.0678385,-118.3410383,2022-03-11 16:30:54.076000+00:00
910972,910972,46.067681,-118.3406116,2022-03-11 16:31:25.703000+00:00
910973,910973,46.0676772,-118.3403569,2022-03-11 16:31:57.618000+00:00
910974,910974,46.0672259,-118.3398156,2022-03-11 16:33:06.187000+00:00
910975,910975,46.0668465,-118.3388219,2022-03-11 16:35:06.706000+00:00
910976,910976,46.067327,-118.3384208,2022-03-11 16:35:44.879000+00:00
910977,910977,46.0674763,-118.3379309,2022-03-11 16:36:24.948000+00:00
910978,910978,46.0681895,-118.337556,2022-03-11 16:37:17.289000+00:00
910979,910979,46.068822,-118.3363577,2022-03-11 16:38:25.036000+00:00
910980,910980,46.0692399,-118.3357801,2022-03-11 16:39:24.971000+00:00
910981,910981,46.0698042,-118.3354326,2022-03-11 16:40:25.046000+00:00
910982,910982,46.0697949,-118.3350808,2022-03-11 16:41:25.129000+00:00
910983,910983,46.0696615,-118.3340327,2022-03-11 16:42:25.116000+00:00
910984,910984,46.0696309,-118.3333427,2022-03-11 16:43:25.070000+00:00
910985,910985,46.0699189,-118.3313107,2022-03-11 16:44:25.123000+00:00
910986,910986,46.0699574,-118.3309097,2022-03-11 16:45:25.123000+00:00
910987,910987,46.07088,-118.3298799,2022-03-11 16:46:25.137000+00:00
910988,910988,46.0716632,-118.3303422,2022-03-11 16:47:01.191000+00:00
910989,910989,46.072132,-118.3301585,2022-03-11 16:48:18.001000+00:00
910990,910990,46.0720671,-118.3302459,2022-03-11 16:48:53.038000+00:00
910991,910991,46.0721155,-118.3301578,2022-03-11 16:49:29.303000+00:00
910992,910992,46.0721155,-118.3301578,2022-03-11 16:50:04.554000+00:00
910993,910993,46.0720722,-118.3302361,2022-03-11 16:56:51.440000+00:00
910994,910994,46.0720734,-118.3302329,2022-03-11 17:03:38.345000+00:00
910995,910995,46.0720806,-118.3302257,2022-03-11 17:13:16.485000+00:00
910996,910996,46.0720627,-118.3302487,2022-03-11 17:30:20.519000+00:00
910997,910997,46.0727973,-118.3294721,2022-03-11 17:42:42.719000+00:00
910998,910998,46.0720924,-118.3302084,2022-03-11 17:42:43.224000+00:00
910999,910999,46.072724,-118.3285921,2022-03-11 17:48:42.381000+00:00
911000,911000,46.0727294,-118.3286081,2022-03-11 17:56:21.492000+00:00
911001,911001,46.0727271,-118.3286225,2022-03-11 18:02:52.206000+00:00
911002,911002,46.0727259,-118.3286022,2022-03-11 18:09:40.481000+00:00
911003,911003,46.0727259,-118.3286022,2022-03-11 18:16:28.380000+00:00
911004,911004,46.0727313,-118.328604,2022-03-11 18:19:52.552000+00:00
911005,911005,46.072729,-118.3286235,2022-03-11 18:23:44.057000+00:00
911006,911006,46.0727284,-118.3286144,2022-03-11 18:29:45.552000+00:00
911007,911007,46.0727284,-118.3286144,2022-03-11 18:40:15.429000+00:00
911008,911008,46.0727286,-118.3286063,2022-03-11 18:46:09.663000+00:00
911009,911009,46.0721472,-118.3301798,2022-03-11 18:52:06.393000+00:00
911010,911010,46.0720898,-118.3302071,2022-03-11 18:57:56.829000+00:00
911011,911011,46.0720797,-118.3302138,2022-03-11 19:06:24.692000+00:00
911012,911012,46.0715705,-118.3304807,2022-03-11 19:13:11.424000+00:00
911013,911013,46.0709343,-118.3298358,2022-03-11 19:19:41.354000+00:00
911014,911014,46.0709242,-118.3298334,2022-03-11 19:26:16.354000+00:00
911015,911015,46.0709211,-118.3298386,2022-03-11 19:32:51.439000+00:00
911016,911016,46.0709275,-118.3298333,2022-03-11 19:42:39.382000+00:00
911017,911017,46.0709396,-118.3298136,2022-03-11 19:54:15.651000+00:00
911018,911018,46.070961,-118.329799,2022-03-11 20:00:03.070000+00:00
911019,911019,46.0699474,-118.3287791,2022-03-11 20:03:29.388000+00:00
911020,911020,46.0699207,-118.3300191,2022-03-11 20:10:01.418000+00:00
911021,911021,46.0689932,-118.3287238,2022-03-11 20:16:44.234000+00:00
911022,911022,46.0689953,-118.3287986,2022-03-11 20:23:28.307000+00:00
911023,911023,46.0690062,-118.3288075,2022-03-11 20:30:16.300000+00:00
911024,911024,46.0690082,-118.3287961,2022-03-11 20:37:03.970000+00:00
911025,911025,46.0689887,-118.3287985,2022-03-11 20:44:43.649000+00:00
911026,911026,46.0709208,-118.3295674,2022-03-11 20:51:30.324000+00:00
911027,911027,46.0720762,-118.3302285,2022-03-11 20:57:55.290000+00:00
911028,911028,46.0720537,-118.3302606,2022-03-11 21:04:43.369000+00:00
911029,911029,46.0726667,-118.3288297,2022-03-11 21:11:29.334000+00:00
911030,911030,46.0726885,-118.3288678,2022-03-11 21:11:30.029000+00:00
911031,911031,46.0727464,-118.3289926,2022-03-11 21:18:21.353000+00:00
911032,911032,46.0727465,-118.3290026,2022-03-11 21:25:06.581000+00:00
911033,911033,46.0727356,-118.3289442,2022-03-11 21:31:52.892000+00:00
911034,911034,46.0726737,-118.3288273,2022-03-11 21:38:06.161000+00:00
911035,911035,46.0726752,-118.3288168,2022-03-11 21:45:25.357000+00:00
911036,911036,46.0726752,-118.3288168,2022-03-11 21:52:13.285000+00:00
911037,911037,46.0726743,-118.3288093,2022-03-11 22:18:27.032000+00:00
911038,911038,46.0726725,-118.3288174,2022-03-11 22:23:24.422000+00:00
911039,911039,46.0726679,-118.3288113,2022-03-11 22:26:25.429000+00:00
911040,911040,46.0720935,-118.3302487,2022-03-11 22:32:24.820000+00:00
911041,911041,46.0720699,-118.3302425,2022-03-11 22:40:00.370000+00:00
911042,911042,46.0720683,-118.330241,2022-03-11 22:46:48.330000+00:00
911043,911043,46.0720722,-118.3302459,2022-03-11 22:53:17.492000+00:00
911044,911044,46.0720656,-118.3302496,2022-03-11 22:53:27.265000+00:00
911045,911045,46.0720744,-118.3302322,2022-03-11 22:58:36.583000+00:00
911046,911046,46.0727016,-118.3285064,2022-03-11 23:04:38.223000+00:00
911047,911047,46.072697,-118.3284996,2022-03-11 23:12:16.236000+00:00
911048,911048,46.0726944,-118.3285003,2022-03-11 23:19:03.306000+00:00
911049,911049,46.0726958,-118.3285005,2022-03-11 23:27:48.250000+00:00
911050,911050,46.0726958,-118.3285005,2022-03-11 23:34:09.165000+00:00
911051,911051,46.0726947,-118.3285034,2022-03-11 23:40:03.242000+00:00
911052,911052,46.0721146,-118.3301058,2022-03-11 23:58:09.296000+00:00
